Sheep,Image,Lacunarity,Entropy,FociCount,FociSize,Scale,Directionality,TissueToSinusoid,Lobular_collapse,Interface_hepatitis,Confluent_necrosis,Ln_ap_ri,Portal_inflammation,BD_hyperplasia,Fibrosis,TawfikTotal,Mean_hep_size,Min_hep_size,Max_hep_size,ID,Sex,AgeAtDeath,Weight,Foreleg,Hindleg,Inflammation
1.0,0.12651869158878506,0.6694814390252911,0.2535748743914933,0.056565316578780056,0.13322520428371712,0.21463052357965098,0.14911112439478158,0.17460190339719905,,,,,,,,,,,,0.6688437348814708,0.0,0.18181818181818182,0.2957317073170734,0.5348837209302325,0.5178571428571429,0.020017656411607066
2.0,0.0,0.4387006868507424,0.2062486067343846,0.37866038370918886,0.4682033410185137,0.3093204604530264,0.3854383347441707,0.12657217707575125,,,,,,,,,,,,0.18577648766328012,0.0,0.8181818181818182,0.24390243902439038,0.3488372093023256,0.44642857142857145,0.34138939446156885
3.0,0.3157282881240028,0.6258669048181468,0.3597421327676017,0.2915035040623042,0.1865142292192225,0.23726372800304316,0.21499797426031803,0.23620214934322095,0.0,0.0,0.0,0.0,0.6666666666666666,0.0,0.4,0.07142857142857142,0.42857142857142955,0.45317002881844287,0.026832722123379622,0.5476536042573779,1.0,0.36363636363636365,,,,0.11728980970111583
4.0,0.298274622573688,0.5004536751077148,0.4761020271431118,0.47402670256928087,0.7921767729100851,0.3908994829900883,0.2304817235550001,0.3456178219958648,0.5,0.0,0.5,0.0,1.0,1.0,0.6,0.6428571428571429,0.36881868131868084,0.3912103746397694,0.0066083293998038745,0.3011611030478955,0.0,0.7272727272727273,,,,0.6746554213601821
5.0,,,,,,,,,,,,,,,,,,,,0.2910014513788099,0.0,0.7272727272727273,,,,
6.0,0.28682242990654205,0.43105483382695214,0.6560467403445777,0.34438460675417937,0.3226026893893548,0.27750464166357214,0.11469045620621272,0.4259857551514176,0.5,0.0,0.5,0.0,0.6666666666666666,0.3333333333333333,0.4,0.35714285714285715,0.32417582417582613,0.34365994236311176,0.007733923967902317,0.6112723754233188,1.0,0.2727272727272727,0.6615853658536592,0.7209302325581395,0.8392857142857143,0.22365656522034366
7.0,0.22599606492867683,0.18566360567157822,0.6998690115411051,0.3383585183085618,0.5449264860648043,0.40102018879355833,0.37543547417582607,0.38370073598395404,,,,,,,,,,,,0.18093855829704886,0.0,0.8181818181818182,0.3475609756097564,0.4418604651162791,0.48214285714285715,0.3428199963157337
8.0,0.025233644859813085,0.2988896815503668,0.7097378212590351,0.509755680573587,0.35229293785476234,0.40851944193941975,0.5118582325288238,0.41531322661279185,0.0,0.0,0.0,0.3333333333333333,0.6666666666666666,0.0,0.4,0.14285714285714285,0.48489010989010883,0.5381844380403472,0.01935296467085424,0.5928882438316401,1.0,,,,,0.346383134152219
9.0,0.026074766355140184,0.1080497095461951,0.9670559216808954,0.5099293167283744,0.25191667373560156,0.7032305978462681,0.6185567918868335,0.6147283855931386,,,,,,,,,,,,0.9576681180454766,0.0,0.0,0.0762195121951221,0.3023255813953488,0.30357142857142855,0.2649804910188793
10.0,0.20292056074766357,0.370687841192978,0.6870651520232158,0.2783855043195333,0.23331411963663828,0.4987003341997772,0.35345003567445976,0.3914434142288904,,,,,,,,,,,,0.42501209482341556,1.0,0.5454545454545454,0.8079268292682928,0.7209302325581395,0.5535714285714286,0.13768133493538157
11.0,0.31382924981055826,0.4268385292406464,0.45878173473842193,0.3362837762029954,0.6877491812691344,0.33184131030399144,0.08979412686409165,0.26935609950313455,0.5,0.0,0.5,0.6666666666666666,1.0,0.3333333333333333,0.6,0.6428571428571429,0.5659340659340673,0.2312680115273778,0.027123198140953573,0.2624576681180455,0.0,0.7272727272727273,0.41768292682926805,0.6046511627906976,0.625,0.43244205117972934
12.0,0.5536945093457945,0.39295565391327325,0.7230448526447746,0.40258961629081125,0.4401299605793594,0.3164222057185296,0.30748137003508685,0.5094325815391915,,,,,,,,,,,,0.9593613933236574,1.0,0.0,0.15243902439024382,0.37209302325581395,0.4107142857142857,0.33041445166878286
13.0,1.0,0.2723812659057783,0.6524157102071456,0.3665058528740791,0.5718117209999213,0.3934892932293601,0.4846008693533906,0.3521802277556942,,,,,,,,,,,,0.6320754716981132,0.0,0.2727272727272727,0.34451219512195136,0.6046511627906976,0.6428571428571429,0.3889767011652543
14.0,0.3281268641877113,0.35363246478117544,0.6359932156557502,0.23901258262494898,0.27068604545813413,0.3399435889737777,0.20256366414470514,0.3802756432632918,0.0,0.0,0.0,0.3333333333333333,0.3333333333333333,0.0,0.2,0.0,0.6614010989010988,0.6916426512968297,0.034929741113249285,0.6894049346879536,1.0,0.18181818181818182,0.5731707317073171,0.6744186046511628,0.6785714285714286,0.13879900332156628
15.0,0.28196686491079015,0.37080456120538424,0.7376764495020534,0.33059473904307296,0.6070847385038123,0.264557944840158,0.12546288630591987,0.4857138749763378,,,,,,,,,,,,0.5341074020319303,1.0,0.36363636363636365,,,,0.37604667556955573
16.0,0.24104771273979342,0.39652180739223286,0.6001195898391364,0.3613881556803487,0.4619299402494705,0.35716379697852135,0.2982120342396171,0.35968491695841953,0.0,0.0,0.25,0.3333333333333333,0.3333333333333333,0.0,0.0,0.0,0.6318681318681332,0.6916426512968304,0.027123198140953493,0.957426221577165,0.0,0.0,0.021341463414634394,0.09302325581395349,0.05357142857142857,0.32858899060539004
17.0,0.3135514018691589,0.5911314517809562,0.6327066533985493,0.388113907692052,0.6423837963571528,0.19990097784379257,0.20639255766676387,0.41707945539719626,,,,,,,,,,,,0.6724721819061442,1.0,0.18181818181818182,,,,0.44075804538498964
18.0,0.22519116397621072,0.5633631246644129,0.585553011985584,0.39191987189294497,0.4380140497768371,0.31620700131654456,0.22243773729061758,0.3710986664201111,,,,,,,,,,,,0.25665215287856796,1.0,0.7272727272727273,1.0,0.8604651162790697,0.9107142857142857,0.3124639379655132
19.0,0.26429906542056075,0.2000124764758218,0.8134782533850795,0.27656232469426684,0.18278153944664283,0.33457111028592645,0.25008476354267417,0.49440716375290517,1.0,0.0,0.5,0.6666666666666666,0.3333333333333333,0.6666666666666666,0.8,0.7142857142857143,0.3214285714285705,0.15417867435158425,0.01161904070295191,0.2711659409772617,1.0,0.7272727272727273,,,,0.10916137709474481
20.0,0.2583444592790387,0.18539613371148553,0.8473143772757673,0.38907855299642585,0.33565286683420553,0.42835923823669847,0.6072910583568155,0.505392024617769,,,,,,,,,,,,0.9678277697145622,1.0,0.0,,,,0.2626697216010292
21.0,0.21904205607476637,0.03482722347306656,0.8076050190493885,0.3634672201653017,1.0,0.6407352395098403,0.4788764199040021,0.43872040764993137,0.0,0.0,0.25,0.3333333333333333,1.0,0.6666666666666666,0.4,0.42857142857142855,0.6881868131868142,0.6916426512968304,0.04259104607675832,1.0,0.0,0.0,0.009146341463414817,0.046511627906976744,0.07142857142857142,0.6514289361484908
22.0,0.2027102803738318,0.13453121349016356,0.8303828269168886,0.41694715583978464,0.36087687265534263,0.6350538432974379,0.8372138774732594,0.4671187095654588,0.0,0.0,0.0,0.0,0.6666666666666666,0.0,0.4,0.07142857142857142,0.7486263736263742,0.6916426512968302,0.0504338985512509,0.7733430091920658,0.0,0.09090909090909091,,,,0.2911812227796938
23.0,0.188411214953271,0.46795137672584086,0.8214861053031407,0.31615136798576726,0.7424089403802712,0.33962124025250645,0.3354089004635323,0.6512739332607624,0.0,0.0,0.0,0.3333333333333333,0.6666666666666666,0.0,0.4,0.14285714285714285,0.6394230769230762,0.5389048991354474,0.031044624378199718,0.6047411707789067,0.0,0.2727272727272727,0.4481707317073168,0.7209302325581395,0.8214285714285714,0.42244375239547216
24.0,0.012616822429906542,0.0,0.8596649805278066,0.551862448109503,0.22549826191960992,0.6123282584478278,0.9088515584157694,0.4600866960191958,,,,,,,,,,,,0.9358974358974359,1.0,0.0,0.09451219512195136,0.18604651162790697,0.23214285714285715,0.25639226600942533
25.0,0.017423230974632845,0.1639020161458041,0.9187233611648354,0.5766056001666907,0.4456050318214642,0.698901915017771,0.7857293058510585,0.6148440039431748,,,,,,,,,,,,0.9337203676826318,0.0,0.0,0.1798780487804879,0.37209302325581395,0.35714285714285715,0.4960962149479737
26.0,0.10201043251467072,0.3100437490909587,0.8638014582336947,0.38459631737284716,0.7581921557408147,0.21419010526861199,0.4869033487953732,0.618513800540122,0.0,0.0,0.0,0.3333333333333333,0.6666666666666666,0.0,0.4,0.14285714285714285,0.6270604395604399,0.4610951008645521,0.031044624378199718,0.9400096758587324,1.0,0.0,0.039634146341463596,0.046511627906976744,0.05357142857142857,0.5257043526516161
27.0,0.26482582837723023,0.2727042652608961,0.7878086892488422,0.37976534105783527,0.5720053226198948,0.29554737872598985,0.38239468750330335,0.5145283840390105,0.0,0.0,0.25,0.3333333333333333,0.3333333333333333,0.0,0.6,0.21428571428571427,0.6614010989011005,0.7687319884726217,0.031044624378199718,0.4332365747460087,0.0,0.5454545454545454,0.41768292682926805,0.6046511627906976,0.6785714285714286,0.3928966357581287
28.0,0.1929093864282812,0.3673181428758547,0.6732369250038515,0.5165878857945649,0.6218954681236256,0.3389625276481699,0.5763353191032886,0.40864467571012547,,,,,,,,,,,,0.7677793904208998,0.0,0.09090909090909091,,,,0.5825777264517434
29.0,0.7246261682242991,0.2602308727156147,0.7425839383159639,0.3859531022102547,0.6613884997205072,0.6047530634979575,0.801884505311668,0.4792182376442932,,,,,,,,,,,,0.5391872278664731,0.0,0.36363636363636365,0.3871951219512197,0.5581395348837209,0.6428571428571429,0.47982807506177444
30.0,0.31732309746328435,0.15204286816177318,0.6839713633783487,0.09910617450166424,0.16410373523624455,0.3832687921065195,0.21067594558875646,0.3562783261178802,0.5,0.0,0.25,0.3333333333333333,0.3333333333333333,0.0,0.4,0.21428571428571427,0.22184065934065994,0.15417867435158425,0.011619040702951885,0.299225931301403,0.0,0.7272727272727273,,,,0.04126838612203467
31.0,0.3077978971962617,0.4129124662590628,0.7454598021249507,0.3148490968248626,0.49517560903391833,0.546045302636465,0.4962332065320064,0.47860018422311856,0.5,0.5,0.0,0.3333333333333333,0.6666666666666666,0.3333333333333333,0.4,0.35714285714285715,0.6593406593406597,0.5381844380403461,0.04266366508115178,0.7232704402515723,1.0,0.18181818181818182,,,,0.300184578323026
32.0,0.07476635514018692,0.32701695698352207,0.7764352906310872,0.32193923981200995,0.4302765442998329,0.30090357717539307,0.19239086829336222,0.5273475687504428,,,,,,,,,,,,0.5149975810353169,0.0,0.45454545454545453,,,,0.2679264975929342
33.0,0.15164925783397473,0.056925184702652086,0.8969743762482844,0.3700807148844055,0.6517194322482245,1.0,1.0,0.518821080248739,0.0,0.5,0.0,0.3333333333333333,1.0,0.6666666666666666,0.4,0.42857142857142855,0.5885989010989019,0.3436599423631123,0.04266366508115178,0.5694242864054185,0.0,0.36363636363636365,0.2835365853658538,0.4883720930232558,0.5535714285714286,0.4353044436749482
34.0,0.18452102803738318,0.16476802827239684,0.9163075775046639,0.4128450016829351,0.3820415032512358,0.9437430375046417,0.835281957996707,0.6014951278821841,,,,,,,,,,,,0.9675858732462506,1.0,0.0,0.17987804878048785,0.32558139534883723,0.4107142857142857,0.29398448502924
35.0,0.24042056074766355,0.2626697666261866,0.9303388548811928,0.3178877295336401,0.277456516401335,0.6401039732640179,0.3590493081839406,0.7240244898203672,0.5,1.0,0.5,0.3333333333333333,0.3333333333333333,0.6666666666666666,0.4,0.5714285714285714,,,,0.18650217706821481,0.0,0.8181818181818182,,,,0.17632655649696566
36.0,0.09375531011045031,0.294576091565792,0.9314130241770554,0.4773699068549288,0.3232068086320216,0.6261013401748643,0.6649329764570604,0.7619152864566948,0.5,0.5,0.5,0.6666666666666666,0.6666666666666666,0.6666666666666666,0.4,0.6428571428571429,0.47664835164835173,0.4610951008645562,0.02327439090810086,0.2660861151427189,0.0,0.7272727272727273,,,,0.2962899231264636
37.0,0.22727803738317756,0.26932598985977263,0.9267566725596313,0.4242398743408505,0.4787098163853097,0.8648347567768288,0.8001065182708842,0.7070345596785146,0.0,0.0,0.25,0.3333333333333333,0.6666666666666666,0.3333333333333333,0.4,0.2857142857142857,0.3914835164835164,0.30835734870316905,0.013724991830361964,0.17537493952588293,0.0,0.8181818181818182,,,,0.39066964948234123
38.0,0.28937292734398556,0.867225277288279,0.7009554904914679,0.6515492050393952,0.7956811958782735,0.03319238647389298,0.08880230650943165,0.8382408859700243,,,,,,,,,,,,0.942428640541848,0.0,0.0,0.09451219512195158,0.3023255813953488,0.2857142857142857,0.9300110679647474
39.0,0.18700934579439255,0.17070628537854438,0.9885948926354784,0.47832753655708893,0.360331356556428,0.40022279985146675,0.37223832116726957,0.7474490879355208,0.0,0.5,0.25,0.3333333333333333,0.6666666666666666,0.3333333333333333,0.4,0.35714285714285715,0.5659340659340658,0.15417867435158453,0.038778548346102136,0.7813255926463474,0.0,0.09090909090909091,,,,0.34870187545524034
40.0,0.27354733848029256,0.44094856326361126,0.8974152934882168,0.2137815306416129,0.27684116380520885,0.2697977041928349,0.05047466983856979,0.980368786956599,0.0,0.0,0.0,0.3333333333333333,0.3333333333333333,0.0,0.4,0.07142857142857142,0.6758241758241753,0.6152737752161385,0.03877854834610211,0.9417029511369134,1.0,0.0,0.12500000000000036,0.32558139534883723,0.4107142857142857,0.12805479178868054
41.0,0.4174065420560748,0.5624323578237918,0.8233422447643931,0.27610652978795025,0.26920917036636427,0.16965280356479767,0.26576400099731445,0.873640981467399,,,,,,,,,,,,0.5384615384615384,0.0,0.36363636363636365,0.3658536585365857,0.627906976744186,0.6785714285714286,0.15763192019771222
42.0,0.3084936778449698,0.532552605760351,0.8534696007179104,0.23495093089406752,0.28567164542325685,0.34496843668770877,0.16454288374372428,0.8001102894918535,0.5,0.0,0.25,0.3333333333333333,0.3333333333333333,0.3333333333333333,0.6,0.42857142857142855,0.6023351648351656,0.6152737752161377,0.04259104607675835,0.2597968069666183,0.0,0.7272727272727273,,,,0.14489937633866712
43.0,0.3088785046728972,0.45810483735823926,0.8948992929093665,0.24901205480135138,0.2957825273544076,0.26513182324545115,0.2332746948605228,0.9142604300588082,,,,,,,,,,,,0.6318335752298017,0.0,0.2727272727272727,0.24695121951219517,0.3023255813953488,0.4642857142857143,0.16266583352140385
44.0,0.27573687994248747,0.5554203771218323,0.8444891025606202,0.19166760163057706,0.32640003068004997,0.25493444542831856,0.28829769988396664,0.817937455016204,0.5,0.5,0.25,0.3333333333333333,0.6666666666666666,0.0,0.8,0.5,0.4622252747252762,0.23054755043227734,0.04259104607675837,0.2985002418964683,0.0,0.7272727272727273,0.43902439024390305,0.6046511627906976,0.625,0.12709322952788163
45.0,0.2721470732907034,0.5520925091762481,0.8531010361859103,0.4707789331963366,0.5556011302628587,0.25749017921707357,0.38189584666209897,0.9511944000115554,0.5,1.0,0.25,0.3333333333333333,1.0,0.3333333333333333,0.6,0.6428571428571429,0.7122252747252756,0.6916426512968307,0.04259104607675837,0.9920174165457184,0.0,0.0,0.0,0.023255813953488372,0.0,0.48507409146565683
46.0,0.27156208277703603,0.7629837115888309,0.7589903473724363,0.18071516725168696,0.2563635575326987,0.07845737626651111,0.18726490105627397,0.8981611839363558,0.5,0.5,0.25,0.3333333333333333,0.3333333333333333,0.0,0.4,0.2857142857142857,0.6442307692307705,0.6930835734870314,0.03485712210885593,0.6669085631349783,0.0,0.18181818181818182,,,,0.12770462837188012
47.0,0.19961615487316423,0.37302060546124727,0.9075517493864467,0.29922184289400716,0.23828679897784655,0.2957933266139729,0.22095749598901573,0.7785605567069492,1.0,0.0,0.25,0.6666666666666666,0.6666666666666666,0.0,0.4,0.42857142857142855,0.42925824175824284,0.31556195965417855,0.034857122108855956,0.1918238993710692,0.0,0.8181818181818182,,,,0.15302371272403792
48.0,0.2079672897196262,0.8756086331033719,0.7095042866464043,0.17081790642881184,0.34290355739349976,0.029038247307835226,0.04327523336318622,1.0,0.5,0.0,0.25,0.6666666666666666,0.3333333333333333,0.0,0.4,0.2857142857142857,0.7245879120879123,0.6916426512968302,0.030972005373806306,0.9429124334784712,0.0,0.0,0.06402439024390275,0.3488372093023256,0.16071428571428573,0.12371960147582396
49.0,,,,,,,,,,,,,,,,,,,,0.9586357039187228,1.0,0.0,,,,
50.0,0.21688918558077436,0.6783228624991582,0.8109494487235587,0.12341523617188377,0.29065870242697867,0.09288631902816827,0.21152842287414228,0.9148163337189895,0.0,0.0,0.25,0.0,0.3333333333333333,0.0,0.4,0.07142857142857142,0.6483516483516488,0.3854466858789623,0.019425583675247767,0.6952104499274311,1.0,0.18181818181818182,,,,0.08454333386084627
51.0,0.25009345794392523,0.4649540714312828,0.7296187625990919,0.08330528441602154,0.34926797124971287,0.4178982547344969,0.3368621262854056,0.5142280154096234,0.0,0.0,0.25,0.3333333333333333,0.3333333333333333,0.0,0.2,0.07142857142857142,0.6758241758241749,0.46181556195965434,0.03877854834610211,0.6214320270924044,0.0,0.2727272727272727,0.27439024390243905,0.4883720930232558,0.5892857142857143,0.06773278259847564
52.0,0.1560747663551402,0.24797819570390567,0.7214420047230546,0.3246402466642566,0.5093923796072942,0.371044271155671,0.30006591472658073,0.41368623655343717,0.5,0.5,0.25,0.6666666666666666,0.3333333333333333,0.3333333333333333,0.4,0.42857142857142855,0.3949175824175832,0.3825648414985587,0.015504157438001506,0.25834542815674894,0.0,0.7272727272727273,,,,0.30672815243875495
53.0,0.25680490654205607,0.26504552607819304,0.6520695562309536,0.3228255076854034,0.25843861897511367,0.4702933531377646,0.7934658977026315,0.34815403230668135,0.0,0.0,0.0,0.3333333333333333,0.3333333333333333,0.0,0.2,0.0,0.5068681318681331,0.07780979827089272,0.034857122108855956,0.9511369134010643,0.0,0.0,,,,0.17230429604939226
54.0,0.26330759853718,0.1982347604113912,0.6851269066129898,0.19237898721457178,0.2972355767377697,0.4262419477227596,0.2012851567732202,0.38324378335401427,0.0,0.0,0.0,0.3333333333333333,0.3333333333333333,0.0,0.4,0.07142857142857142,0.8063186813186838,0.7694524495677224,0.04647616281180781,0.5732946298984035,1.0,0.36363636363636365,,,,0.11394153396294848
55.0,0.2863883026831474,0.19869209797204782,0.76963325417752,0.3927753227435099,0.28707023022612116,0.5341326976749758,0.5948375619201056,0.4368933227097388,0.0,0.0,0.0,0.3333333333333333,0.3333333333333333,0.0,0.4,0.07142857142857142,0.44711538461538536,0.3847262247838616,0.05043389855125084,0.7631833575229802,0.0,0.09090909090909091,,,,0.229990135551086
56.0,0.3164719626168224,0.2624783649501515,0.5029496888641235,0.1750719922211003,0.19741377254489986,0.3366753311053348,0.3961107152701641,0.2546113764467365,0.0,0.0,0.0,0.0,0.3333333333333333,0.0,0.4,0.0,0.651098901098903,0.5389048991354474,0.04259104607675835,0.5706337687469762,0.0,0.36363636363636365,0.28963414634146367,0.6511627906976745,0.6964285714285714,0.0738136971066879
57.0,0.2913885180240321,0.23222704197506003,0.8670786803822842,0.3987525673345744,0.6717699182824989,0.47319202467470456,0.2934018233977588,0.5909872003560426,0.5,1.0,0.5,1.0,1.0,0.6666666666666666,0.6,0.9285714285714286,0.5288461538461542,0.5389048991354476,0.023238081405903784,0.814707305273343,1.0,0.09090909090909091,0.23780487804878064,0.6976744186046512,0.6071428571428571,0.4913938799787821
58.0,0.2851607020743105,0.23418285466739644,0.6649223217526415,0.17321916739867502,0.14644372356200558,0.37029154175685836,0.389357200234428,0.37348597514476445,0.5,1.0,0.25,0.3333333333333333,0.3333333333333333,0.6666666666666666,0.4,0.5,0.5817307692307714,0.5389048991354474,0.02323808140590385,0.28205128205128205,0.0,0.7272727272727273,0.2804878048780485,0.627906976744186,0.6785714285714286,0.06300253289360233
59.0,0.30665887850467294,0.2214990262228149,0.7242311526972576,0.1517758081204732,0.21552490700266339,0.4650328010892439,0.3731554827300121,0.404129286715213,1.0,0.5,0.25,0.6666666666666666,0.3333333333333333,0.0,0.4,0.42857142857142855,0.7925824175824183,0.38472622478386187,0.06582912748266218,0.41678761490082245,0.0,0.5454545454545454,,,,0.07844699626848532
60.0,0.2428437917222964,0.3687283452069993,0.6669019262910982,0.26301870462085875,0.22186425781054864,0.5041111877353988,0.47897250069362507,0.3910320355131164,,,,,,,,,,,,0.816884373488147,1.0,0.09090909090909091,,,,0.12840658517965223
61.0,0.32586674706059693,0.17073324091433686,0.619764560505111,0.07048421479317996,0.11816351762507206,0.49014769474024655,0.5487367269680801,0.32515960795552634,0.5,0.5,0.5,0.3333333333333333,0.6666666666666666,0.0,0.4,0.42857142857142855,0.5782967032967029,0.6152737752161377,0.030972005373806306,0.8101112723754234,0.0,,,,,0.025865741367998865
62.0,0.2857984559122308,0.3580676901402572,0.842760583282048,0.06871984741388983,0.11991373759049548,0.116647023684593,0.0045181747151450975,0.6243383450259882,1.0,0.5,0.25,0.3333333333333333,0.3333333333333333,0.3333333333333333,0.8,0.5714285714285714,0.0,0.0,0.0,0.6715045960328979,1.0,0.18181818181818182,,,,0.026191171875829
63.0,0.2607476635514019,0.9044499618641472,0.4152544286445576,0.2054583193088747,0.4100397734173826,0.1830672112885259,0.10541104319105218,0.3456893353648148,0.5,0.0,0.25,0.3333333333333333,0.6666666666666666,0.6666666666666666,0.4,0.42857142857142855,0.6785714285714295,0.07708933717579226,0.09295232562361577,0.9612965650701499,0.0,0.0,,,,0.18708601600173047
64.0,0.1485981308411215,1.0,0.4554528179543277,0.5366692845656158,0.5689908511184195,0.20831786112142592,0.31129869801584975,0.4895472142457236,,,,,,,,,,,,0.9605708756652153,0.0,0.0,,,,0.5729010194447703
65.0,0.2771877655055225,0.5639192149924116,0.4588225122516998,0.39357730791591444,0.4353991357853141,0.14404347972858933,0.2547985723502773,0.32629310601070627,,,,,,,,,,,,0.4216255442670537,1.0,0.5454545454545454,,,,0.3285334075045605
66.0,0.3803446261682243,0.44885446257832806,0.38350615982384145,0.07555677100863907,0.0800534902969856,0.38507240995172676,0.47615798433287254,0.2173534405415364,,,,,,,,,,,,0.7000483792936623,0.0,0.18181818181818182,,,,0.024582301303307335
67.0,0.35841121495327105,0.31891873028247425,0.7284840720672188,0.3877762818355212,0.4261812417693646,0.45030325535338533,0.4300423050491694,0.47983321340481483,0.5,0.0,0.5,0.6666666666666666,0.6666666666666666,0.6666666666666666,0.4,0.5714285714285714,0.9443681318681345,1.0,0.04647616281180781,0.573536526366715,0.0,0.36363636363636365,0.4054878048780489,0.5348837209302325,0.6071428571428571,0.3216785492820031
68.0,0.28136539776612723,0.3932556825710798,0.6628493635117839,0.48449373756612024,0.651534497271268,0.29084437520944106,0.3541526607985671,0.38872225112629677,0.5,0.0,0.25,0.3333333333333333,0.3333333333333333,0.0,0.4,0.21428571428571427,0.5844780219780231,0.6916426512968304,0.027123198140953583,0.2622157716497339,0.0,0.7272727272727273,0.3932926829268299,0.5581395348837209,0.625,0.5788784356386983
69.0,0.2608833283087127,0.3828375888051728,0.5314605530417226,0.269269606193201,0.5094540926555258,0.4583807481762755,0.5600678324689314,0.2759387258660554,0.5,0.0,0.25,0.3333333333333333,0.3333333333333333,0.3333333333333333,0.6,0.35714285714285715,0.5583791208791222,0.6152737752161377,0.02712319814095356,0.44194484760522496,0.0,0.5454545454545454,,,,0.25769956048094844
70.0,0.2815754339118825,0.24011176978357557,0.7504068235948709,0.32743771804694055,0.30442814300757637,0.5185401304970559,0.6232395208479113,0.4316376722962063,0.5,0.5,0.25,0.3333333333333333,0.0,0.0,0.4,0.21428571428571427,0.5714285714285707,0.3083573487031685,0.04259104607675837,0.26318335752298017,0.0,0.7272727272727273,,,,0.19601991380230463
71.0,0.3007965165675446,0.20403719789285335,0.6940632196726059,0.30739063472149974,0.34475043778621844,0.3833507747358471,0.19889062457111326,0.37718102645665813,0.0,0.0,0.0,0.3333333333333333,0.3333333333333333,0.0,0.2,0.0,0.6813186813186827,0.3854466858789636,0.05036127954685735,0.6763425253991292,0.0,0.18181818181818182,,,,0.2131853216829689
72.0,0.26207575012297096,0.8466708471315598,0.06376021351903131,0.01786273155119371,0.03393539441661014,0.17376434029745744,0.26360003167703605,0.09722768108582348,,,,,,,,,,,,0.6069182389937107,1.0,0.2727272727272727,0.570121951219512,0.7674418604651163,0.8035714285714286,0.006825618104159821
73.0,0.29228971962616823,0.8048280270143703,0.3434263011092116,0.0,0.0,0.2306549744351453,0.14054094810828058,0.26862220950040483,0.0,0.0,0.0,0.3333333333333333,0.3333333333333333,0.0,0.4,0.07142857142857142,0.58379120879121,0.6916426512968304,0.0232380814059039,0.94581519109821,0.0,0.0,0.12500000000000042,0.23255813953488372,0.19642857142857142,0.0
74.0,0.22225017972681524,0.6932415004933602,0.18068170429528593,0.002804891731179175,0.0618950191088821,0.29183924133794176,0.20900862719009566,0.1553271734027323,0.0,0.0,0.0,0.3333333333333333,0.3333333333333333,0.3333333333333333,0.4,0.07142857142857142,0.5597527472527476,0.3847262247838611,0.058095203514759906,0.17658442186744072,0.0,0.8181818181818182,,,,0.0067059547780311795
75.0,0.253125,0.6146866692828257,0.3653672938000536,0.09378856726130372,0.1127555983790056,0.30458596360935764,0.3195479575871342,0.30266910294115484,0.0,0.0,0.0,0.3333333333333333,0.6666666666666666,0.0,0.4,0.14285714285714285,0.5844780219780226,0.4618155619596546,0.031044624378199742,0.9929850024189647,0.0,0.0,0.06707317073170761,0.20930232558139536,0.21428571428571427,0.040487626152064075
76.0,0.12383177570093458,0.6250184438125808,0.22050038297076333,0.2652180959148311,0.40213945802432205,0.31773734373065976,0.2815284310937526,0.17459576853382588,,,,,,,,,,,,0.9489598451862603,1.0,0.0,0.10060975609756115,0.16279069767441862,0.21428571428571427,0.21571783160051178
77.0,0.23205057724024192,0.3429246336699941,0.7418101287296076,0.1598788286772131,0.10327567645177199,0.4340883772744153,0.34657967890165664,0.4957924044861478,1.0,0.5,0.25,0.3333333333333333,0.6666666666666666,0.3333333333333333,0.8,0.6428571428571429,0.45604395604395676,0.23126801152737755,0.05809520351475988,0.5532172230285438,0.0,0.36363636363636365,0.4298780487804882,0.46511627906976744,0.5357142857142857,0.05607647967500614
78.0,0.18560747663551402,0.4879967222195835,0.46267874366402695,0.0043008339878080675,0.00960778691791192,0.657779428147048,0.592354986492502,0.2716456702051295,0.0,0.0,0.0,0.3333333333333333,0.3333333333333333,0.0,0.2,0.0,0.557005494505494,0.07708933717579226,0.030972005373806306,0.6231253023705854,1.0,0.2727272727272727,0.5640243902439024,0.6511627906976745,0.6964285714285714,0.0007297341041272635
79.0,,,,,,,,,,,,,,,,,,,,0.7767295597484277,1.0,0.09090909090909091,,,,
80.0,0.24602803738317758,0.6866870588916848,0.3818415410586473,0.36042858745652423,0.3864540320058005,0.4987003341997772,0.5660529632416972,0.2243043449168874,,,,,,,,,,,,0.5145137880986937,1.0,0.45454545454545453,0.9451219512195123,1.0,1.0,0.27565850802108494
81.0,0.0014018691588785054,0.1944498497372728,0.0,0.1963424211825424,0.11800255802677213,0.41032305978462674,0.7738681403620787,0.0,,,,,,,,,,,,0.34083212385099176,1.0,0.6363636363636364,0.8445121951219512,0.8604651162790697,0.8928571428571429,0.055002112892879935
82.0,0.18574766355140188,0.823813927854441,0.7323780409340204,0.4850125285163993,0.8232794692512765,0.0,0.11408781743011291,0.9379321566683313,0.0,0.0,0.25,0.3333333333333333,0.6666666666666666,0.6666666666666666,0.4,0.35714285714285715,0.6023351648351656,0.4610951008645534,0.042663665081151755,0.951378809869376,0.0,0.0,0.09451219512195136,0.06976744186046512,0.07142857142857142,0.7111251593785122
83.0,0.19177570093457946,0.48850513737716283,0.6072628484513583,0.4540184748868694,0.7943513337650723,0.2537690308206462,0.23452784803454513,0.405652272182511,1.0,0.0,0.25,0.6666666666666666,0.6666666666666666,0.6666666666666666,0.8,0.7142857142857143,0.42651098901098916,0.23054755043227632,0.038778548346102136,0.28326076439283987,0.0,0.7272727272727273,0.3719512195121951,0.3488372093023256,0.42857142857142855,0.6537266704568044
84.0,0.2358375269590223,0.1973637179746736,0.615369098136168,0.4698193649725121,0.17478789734716543,0.3093204604530264,0.4104671676510963,0.32522093978275923,0.5,0.5,0.25,0.3333333333333333,0.6666666666666666,0.0,0.6,0.42857142857142855,0.41483516483516436,0.15417867435158425,0.027123198140953535,0.4436381228834059,0.0,0.5454545454545454,0.3689024390243905,0.6046511627906976,0.6607142857142857,0.17720705204279616
85.0,0.026915887850467293,0.4594024038741637,0.7525806867817485,0.6411982497475597,0.3625535173383471,0.14266617155588573,0.13099569111060588,0.5591479054556073,,,,,,,,,,,,0.9954039671020803,1.0,0.0,0.20121951219512213,0.37209302325581395,0.4642857142857143,0.44913556305564656
86.0,0.2643524699599466,0.3546068563437169,0.44853222273515797,0.08695164366655447,0.10983553043103884,0.41753753116545533,0.49579467592885595,0.24359763918696703,,,,,,,,,,,,0.6156265118529269,0.0,0.2727272727272727,,,,0.038909677664979665
87.0,0.2968776550552252,0.35702637139417254,0.791347249963005,0.3488265352957376,0.4425264859700163,0.3747425986564494,0.23333398810951816,0.5668688203365622,0.0,0.0,0.0,0.3333333333333333,0.6666666666666666,0.0,0.4,0.14285714285714285,1.0,0.9236311239193087,0.054210086779710204,0.9554910498306725,1.0,0.0,,,,0.30388985227942017
88.0,0.2115070093457944,0.35448080138393634,0.5044286846537681,0.27382755525636715,0.306397434769407,0.27775714816190117,0.30367332982608786,0.27036817842267863,0.5,0.0,0.25,0.3333333333333333,0.6666666666666666,0.3333333333333333,0.4,0.35714285714285715,0.597527472527473,0.23126801152737703,0.04259104607675832,0.5856313497822931,0.0,,0.39634146341463405,0.6976744186046512,0.7321428571428571,0.16944579617658254
89.0,0.23803738317757012,0.46229281705022107,0.6877821374119572,0.422416694715584,0.5480378519135244,0.31689565540289655,0.07630065144076228,0.46811513543243716,0.5,0.5,0.25,0.3333333333333333,0.6666666666666666,0.3333333333333333,0.8,0.5714285714285714,0.5171703296703298,0.4618155619596541,0.023238081405903888,0.6170778906627963,0.0,0.2727272727272727,0.37804878048780494,0.5348837209302325,0.6964285714285714,0.40760893591740793
90.0,,,,,,,,,,,,,,,,,,,,0.8122883405902274,0.0,0.09090909090909091,0.09756097560975628,0.11627906976744186,0.17857142857142858,
91.0,0.30280373831775703,0.2814031523789967,0.8017103186497201,0.3567822282059913,0.40759060302772704,0.33962124025250645,0.1594850856237634,0.5328551115073165,0.5,0.5,0.5,0.6666666666666666,1.0,0.6666666666666666,0.4,0.7142857142857143,0.5425824175824177,0.15417867435158503,0.04266366508115173,0.5561199806482825,1.0,0.36363636363636365,,,,0.26588993229745705
92.0,0.33248331108144197,0.26534851471916465,0.5971497743126725,0.6214037281018095,0.7827616950100655,0.4348522624794442,0.5706211880128219,0.34088567930551245,0.0,0.0,0.25,0.6666666666666666,0.6666666666666666,0.6666666666666666,0.4,0.42857142857142855,0.41964285714285793,0.38544668587896336,0.01942558367524787,0.9373488147073052,1.0,0.0,0.21646341463414662,0.32558139534883723,0.42857142857142855,0.8421538111198779
93.0,0.28339324227174695,0.3964428884506773,0.5166077018305746,0.5572384905942631,0.3888895354989121,0.3714759061955498,0.25911856106220016,0.3074013981611555,0.5,0.5,0.25,0.3333333333333333,0.6666666666666666,0.3333333333333333,0.6,0.5,0.4890109890109896,0.3847262247838621,0.027123198140953573,0.6342525399129173,1.0,0.2727272727272727,,,,0.41274584635660466
94.0,0.2626593033135089,0.41287798397738457,0.41648342160937923,0.32727986699713396,0.28537289419654766,0.35063970563413577,0.3946517525819047,0.23381902201206742,0.5,0.5,0.25,0.3333333333333333,0.6666666666666666,0.3333333333333333,0.6,0.5,0.6881868131868142,0.07708933717579226,0.031044624378199718,0.18722786647314948,0.0,0.8181818181818182,0.4146341463414638,0.6511627906976745,0.6428571428571429,0.19129867743461137
95.0,0.12616822429906543,0.5096209869312422,0.47531328255953303,0.7250645125098172,0.432224900854445,0.27144448570367624,0.38799544699323646,0.31643372917584367,,,,,,,,,,,,0.9627479438800194,1.0,0.0,,,,0.558122598667883
100.0,0.28872782757962995,0.22735874217189778,0.7948407693807528,0.5676757407776306,0.3886750362682606,0.1840978500572156,0.4034878451860844,0.48093813533305063,0.5,0.5,0.5,0.6666666666666666,0.6666666666666666,0.6666666666666666,0.8,0.7857142857142857,0.26923076923076855,0.15417867435158425,0.023274390908100732,0.0,0.0,1.0,,,,0.41424696156817375
101.0,0.25175817757009344,0.2683054716695229,0.9271679863601617,0.4274304386850668,0.5874203669941161,0.20894912736724852,0.11284583077744016,0.6950113721058199,0.5,0.5,1.0,1.0,1.0,0.6666666666666666,0.4,0.9285714285714286,0.738324175824176,0.5381844380403472,0.0504338985512509,0.9596032897919691,0.0,0.0,,,,0.4672336141712227
102.0,0.2867459643160578,0.31341346810114523,0.7876804367742236,0.41346654019154866,0.3150222168563644,0.20602234750025325,0.1323868810148806,0.5121886784245007,0.5,0.0,0.25,0.3333333333333333,0.6666666666666666,0.0,0.4,0.2857142857142857,0.4423076923076923,0.15417867435158425,0.031044624378199718,0.6623125302370585,1.0,0.36363636363636365,,,,0.2626765525468607
103.0,0.28125,0.24657279552010625,0.8243708296040442,0.456905175960208,0.38472461069488467,0.25092833271444487,0.38064405650168015,0.527028338282402,0.5,0.0,0.25,0.3333333333333333,0.3333333333333333,0.3333333333333333,0.4,0.2857142857142857,0.614697802197803,0.46109510086455263,0.02715950764315029,0.9668601838413159,0.0,0.0,,,,0.3402879411717492
104.0,0.288813656303643,0.35786390013400826,0.7691061738391286,0.6227432070101685,0.3679050293447401,0.20574126419970146,0.1345142918301654,0.5048434433354493,0.5,0.0,0.25,0.6666666666666666,0.6666666666666666,0.3333333333333333,0.4,0.42857142857142855,0.40109890109889895,0.34365994236311154,0.031044624378199718,0.9380745041122399,0.0,0.0,0.11890243902439072,0.4418604651162791,0.23214285714285715,0.4419983558075622
105.0,0.2880841121495327,0.16583626090503795,0.7163590793950344,0.23718164478851117,0.31256855699593067,0.29417007055328637,0.08609438862907004,0.3951765901263606,0.5,0.0,0.25,0.3333333333333333,0.3333333333333333,0.0,0.4,0.21428571428571427,0.7953296703296693,0.5381844380403469,0.050433898551250717,0.7723754233188196,0.0,0.09090909090909091,,,,0.14910998033617442
106.0,0.2880841121495327,0.13099579258782126,0.9361119735066936,0.3910580051610008,0.7193374101287283,0.2896249535833642,0.21244879289938617,0.6265789892626525,0.5,0.0,0.25,0.3333333333333333,0.3333333333333333,0.6666666666666666,0.4,0.35714285714285715,0.6545329670329676,0.5381844380403469,0.038742238843905576,0.28350266086115145,0.0,0.7272727272727273,0.3902439024390245,0.6046511627906976,0.7142857142857143,0.5068357662854462
107.0,0.2986857476635514,0.14558741095125144,0.8069190360755631,0.5123602228953963,0.3257368998853529,0.2682881544745638,0.14522977663468348,0.4711145673225413,0.0,0.0,0.25,0.0,0.3333333333333333,0.0,0.4,0.07142857142857142,0.6098901098901096,0.46109510086455263,0.027123198140953597,0.6727140783744557,0.0,0.18181818181818182,0.36585365853658613,0.5348837209302325,0.625,0.32438073107987764
108.0,0.348290703393999,0.0757768769991852,1.0,0.12245566794805933,0.24246771002377512,0.3671311587546662,0.23433236820440703,0.6690107652480317,0.0,0.5,0.25,0.3333333333333333,0.6666666666666666,0.6666666666666666,0.4,0.42857142857142855,0.6243131868131855,0.6930835734870316,0.034929741113249334,0.7520561199806483,0.0,0.09090909090909091,,,,0.06939763087081996
109.0,0.27774532710280375,0.31608572081720504,0.8729345481959778,0.2723082389019784,0.3423220827941842,0.28880430746379515,0.23948798333708202,0.6311075316855036,0.5,1.0,0.75,0.6666666666666666,1.0,0.3333333333333333,0.6,0.7857142857142857,0.6394230769230762,0.6152737752161369,0.03877854834610227,0.9325108853410741,0.0,0.0,,,,0.1870054218585729
110.0,0.241708764839606,0.24200118643073973,0.7081930762247227,0.1184877236711636,0.21575253356469198,0.4034985598297889,0.33482676862316263,0.40321782309586135,0.0,0.0,0.0,0.3333333333333333,0.3333333333333333,0.0,0.4,0.07142857142857142,0.33379120879120694,0.23054755043227862,0.027159507643150223,0.9579100145137881,0.0,0.0,0.09451219512195087,0.3023255813953488,0.30357142857142855,0.07054263046079447
111.0,0.28730071467839474,0.34450322525618976,0.8347092328926707,0.13056496019253658,0.15533938850332993,0.30337913108057935,0.15448718620156665,0.5826539160007086,0.0,0.0,0.0,0.3333333333333333,0.3333333333333333,0.0,0.4,0.07142857142857142,0.4457417582417595,0.34365994236311176,0.027123198140953597,0.9351717464925012,0.0,0.0,,,,0.050273035987740605
112.0,0.2990455358918274,0.40062495885878785,0.7435079282270769,0.19866988453394635,0.1566833477221765,0.28192081914498596,0.2490519669018937,0.4877260046677785,0.0,0.0,0.5,0.3333333333333333,0.3333333333333333,0.3333333333333333,0.4,0.21428571428571427,0.6270604395604393,0.3076368876080683,0.03485712210885585,0.6567489114658926,0.0,,,,,0.08180224767415493
113.0,0.28196261682242996,0.26533868766654056,0.8878464502858595,0.2741314185272449,0.21613794689058818,0.2823864339645997,0.1331078938205189,0.6290713106891228,0.0,0.0,0.25,0.0,0.6666666666666666,0.0,0.4,0.14285714285714285,0.48489010989010883,0.5381844380403469,0.01935296467085424,0.9368650217706821,1.0,0.0,,,,0.13678245101824674
114.0,0.2793597136607675,0.19704945633117812,0.9159661898761465,0.25142572049910367,0.187148670682235,0.2883677935704072,0.24219041950939724,0.6160048488681055,0.0,0.0,0.25,0.0,0.3333333333333333,0.0,0.4,0.07142857142857142,0.574862637362637,0.5389048991354476,0.031044624378199718,0.9637155297532656,0.0,0.0,,,,0.11227820541372617
115.0,0.29142385926333153,0.4319992475869141,0.8413710669000544,0.1441494358317769,0.22865971591141074,0.2157445228369849,0.04977952566504593,0.6605938979651368,0.0,0.0,0.25,0.6666666666666666,0.3333333333333333,0.0,0.2,0.14285714285714285,0.49656593406593585,0.23126801152737855,0.02715950764315029,0.06507014997581036,0.0,0.9090909090909091,,,,0.07585467608898676
116.0,0.29018691588785045,0.21657983623486976,0.8508579256165778,0.3910735215833435,0.3302570948403266,0.17393399751917904,0.06946179884061866,0.5343290960755169,0.0,0.0,0.25,0.3333333333333333,0.6666666666666666,0.3333333333333333,0.4,0.21428571428571427,0.5398351648351649,0.3854466858789636,0.031044624378199718,0.18432510885341075,0.0,0.8181818181818182,,,,0.2642117931667101
117.0,0.29682734874569605,0.38887011667372884,0.7767875333079535,0.5024446845825437,0.8561054252297777,0.329255184005316,0.24852777632034057,0.4996683696823601,0.5,0.5,0.5,0.6666666666666666,1.0,1.0,1.0,1.0,0.4642857142857151,0.07708933717579303,0.05036127954685741,0.0004837929366231253,0.0,1.0,0.4512195121951221,0.6744186046511628,0.7321428571428571,0.771925539733873
118.0,0.2792268479184367,0.3891915644252777,0.8362587866061332,0.34661662059844495,0.43230640016754696,0.20602234750025325,0.19991696346301643,0.5885053591860329,,,,,,,,,,,,0.5442670537010159,0.0,0.36363636363636365,0.2499999999999999,0.46511627906976744,0.42857142857142855,0.3009838357108307
119.0,0.25293724966622166,0.1819158009821834,0.8552293043743842,0.2640605215495825,0.31134791975609344,0.24078298233515466,0.4278858642074242,0.5461489167169177,,,,,,,,,,,,,,,,,,0.16355979785174385
120.0,0.2832968781069795,0.42371290539693834,0.7170189652532334,0.1203119517033451,0.2179200287589009,0.3367201017610668,0.05755716745969584,0.49058158914086936,0.0,0.0,0.25,0.3333333333333333,0.3333333333333333,0.3333333333333333,0.0,0.07142857142857142,0.8880494505494531,0.5389048991354476,0.06582912748266209,,,,,,,0.0605217838405581
121.0,0.27375570528146054,0.22057093146138204,0.9069512499220045,0.1692067244343903,0.19680985928546033,0.3005120942322474,0.8320267783404135,0.6241429312555103,0.0,0.0,0.0,0.3333333333333333,0.3333333333333333,0.0,0.4,0.07142857142857142,0.5171703296703298,0.5389048991354476,0.01554046694019821,,,,,,,0.07963198117329257
122.0,0.28991847285742695,0.33345469604989403,0.8488593752182537,0.11876030946907579,0.135283160388603,0.3286613837292903,0.42290881361094607,0.5959708434283562,0.0,0.0,0.0,0.3333333333333333,0.3333333333333333,0.0,0.2,0.0,0.5879120879120872,0.46181556195965356,0.03877854834610224,,,,,,,0.04187039180943363
123.0,0.30499796830556686,0.34605041812476683,0.8546578782674095,0.18841555324660123,0.24416341978344386,0.3010865528988198,0.3565555645897069,0.6205449670767701,0.5,0.0,0.25,0.3333333333333333,0.6666666666666666,0.6666666666666666,0.8,0.5714285714285714,0.3214285714285705,0.2312680115273783,0.011655350205148603,,,,,,,0.10578941486620197
124.0,0.1992406542056075,0.23144292411690476,0.7535788778058183,0.5404675754515876,0.45385442889731065,0.1483475677682882,0.23014600684451303,0.4431577754198067,,,,,,,,,,,,,,,,,,0.46979707349656685
125.0,0.25697711891717695,0.3875340320871402,0.6209989616481015,0.49559535277800354,0.8699828246820303,0.2152835576270536,0.24584399717517097,0.37757901990881115,,,,,,,,,,,,,,,,,,0.729379838442317
126.0,0.20427236315086783,0.5022384532317747,0.6449409628670182,0.779759901267811,0.5019221486972004,0.1794599755981116,0.3430293637567971,0.4354854767025176,0.0,0.0,0.25,0.3333333333333333,0.3333333333333333,0.0,0.2,0.07142857142857142,0.5288461538461546,0.30763688760806907,0.0504338985512509,,,,,,,0.7261098796162471
127.0,0.29027834213734255,0.3100309086589475,0.6882976643734847,0.6457958331504056,0.5378241265981644,0.22204104037843686,0.0830767704713118,0.41721622337726744,0.0,0.0,0.0,0.3333333333333333,0.3333333333333333,0.0,0.2,0.0,0.48901098901098883,0.2312680115273783,0.03485712210885585,0.9354136429608128,0.0,0.0,,,,0.6353446976297853
128.0,0.28735456799542247,0.21982496303792148,0.8337522815847069,0.49921348546150207,0.8992136067335437,0.27994725554536704,0.09819816038644585,0.5535040159516667,0.0,1.0,0.0,0.0,1.0,1.0,0.4,0.5,0.5075549450549445,0.07708933717579379,0.04266366508115181,0.43831640058055155,0.0,0.5454545454545454,,,,0.7724092959520817
129.0,0.2937917222963952,0.29758825478980494,0.7588726798389799,0.6279522916537871,0.9002831996253171,0.15008677069045223,0.11398111829066489,0.5118279886313502,0.0,0.0,0.0,0.0,0.6666666666666666,0.0,0.4,0.07142857142857142,0.5954670329670343,0.8213256484149859,0.03492974111324926,0.5708756652152879,1.0,0.36363636363636365,0.6280487804878042,0.6511627906976745,0.6964285714285714,1.0
130.0,0.2880841121495327,0.39381146350617524,0.701770127455299,0.5135756759789073,0.7931645021357718,0.19266245822502795,0.07132277656872776,0.4478769036659486,0.0,0.0,0.0,0.0,0.6666666666666666,0.6666666666666666,0.4,0.21428571428571427,0.5398351648351647,0.46109510086455285,0.03877854834610227,0.602322206095791,1.0,0.2727272727272727,,,,0.7146851770667686
131.0,0.28503719244707226,0.1676623027142503,0.58348945760479,0.6443237005337308,0.4797463199999586,0.17018422667990335,0.3673611655492695,0.3078134194665727,0.0,0.0,0.0,0.0,0.6666666666666666,0.0,0.4,0.07142857142857142,0.5288461538461542,0.46181556195965384,1.0,0.6569908079342042,0.0,,,,,0.5646681242881062
132.0,0.2880841121495327,0.23982833454094357,0.7719902807923089,0.4508582968697409,0.7300898247817655,0.2472038618640921,0.13092767071807557,0.46640564574913845,0.0,0.0,0.25,0.3333333333333333,0.6666666666666666,0.6666666666666666,0.4,0.35714285714285715,0.6174450549450566,0.23054755043227784,0.04647616281180781,0.27745524915336234,0.0,0.7272727272727273,,,,0.5891732314560976
133.0,0.26700717235383614,0.5662056662312936,0.8175993527389607,0.2667256346230617,0.3619079439846745,0.20185839255952123,0.049938723800486806,0.7698016689615308,,,,,,,,,,,,0.6141751330430576,1.0,0.2727272727272727,0.5853658536585368,0.5813953488372093,0.5535714285714286,0.20402382931659582
134.0,0.2807861462341946,0.35064826458244996,0.5110416462235545,0.6553547033084524,0.5169322554207542,0.3004084663943558,0.5514118729395069,0.29939348407918775,,,,,,,,,,,,0.6741654571843251,0.0,0.18181818181818182,,,,0.6090018725399641
135.0,0.2818598130841121,0.3648999036503272,0.35390938995828214,1.0,0.42943777283557333,0.1593316004455997,0.0,0.21826794176606792,0.0,0.0,0.25,0.6666666666666666,1.0,0.3333333333333333,0.4,0.42857142857142855,0.40728021978022005,0.23054755043227784,0.01554046694019821,0.5870827285921626,0.0,,,,,0.7891322211144766
136.0,0.28467289719626165,0.5292780059941246,0.7555901348018306,0.5318074722315719,0.9811939656693909,0.12414902834509224,0.005100888186272841,0.6520139495960715,0.5,0.0,0.0,0.3333333333333333,1.0,1.0,0.8,0.6428571428571429,0.480769230769232,0.15417867435158425,0.027159507643150275,0.49637155297532654,1.0,0.45454545454545453,,,,0.9220535743514945
137.0,0.2880841121495327,0.2079442525425309,0.5541252191505708,0.558061258835409,0.5647926124748998,0.2926550315633124,0.09462144240486979,0.3013634937938944,0.0,0.0,0.0,0.0,0.6666666666666666,0.3333333333333333,0.4,0.14285714285714285,0.5817307692307718,0.15417867435158425,0.03485712210885585,0.6802128688921142,0.0,0.18181818181818182,,,,0.5640310259993789
138.0,0.28349227541483885,0.33898357869610546,0.7145103496599289,0.6294406015519638,0.5896257356686005,0.08206461195692541,0.06426422977879905,0.4447098499585531,0.0,0.0,0.25,0.0,0.3333333333333333,0.6666666666666666,0.6,0.2857142857142857,0.4196428571428572,0.46109510086455285,0.015504157438001506,0.6647314949201741,1.0,0.18181818181818182,,,,0.6545969910170326
139.0,0.29662954861801555,0.23097316950050667,0.692677103779618,0.7642434789251177,0.6260333533512428,0.11913471490309792,0.2181113376346777,0.4292684465926484,0.0,0.5,0.25,0.3333333333333333,1.0,0.3333333333333333,0.4,0.42857142857142855,0.4608516483516479,0.3854466858789636,0.03485712210885585,0.1799709724238026,0.0,0.8181818181818182,,,,0.8530945152617969
140.0,0.28960280373831776,0.24496166334163652,0.7552355283111354,0.38169901641796633,0.35760030295226053,0.23777695259314274,0.026342898248066068,0.43142992127534463,0.5,0.5,0.25,0.3333333333333333,1.0,0.6666666666666666,0.8,0.7142857142857143,0.568681318681319,0.38472622478386187,0.03485712210885593,0.2784228350266086,0.0,0.7272727272727273,0.47256097560975663,0.6744186046511628,0.7857142857142857,0.2643759563934014
141.0,0.24205607476635516,0.4342468226399802,0.7788217390832705,0.4556390789982174,0.8266234330087076,0.11573214506745891,0.20081070540519333,0.5531394601910893,,,,,,,,,,,,0.6765844218674407,1.0,0.18181818181818182,0.6676829268292686,0.813953488372093,0.8392857142857143,0.6733832206346639
142.0,0.27789360172537747,0.48155696160206535,0.6848561561055654,0.5118927409401998,0.6147298015001301,0.16947070753234883,0.039410469137130734,0.4491846173918394,,,,,,,,,,,,0.2663280116110305,0.0,0.7272727272727273,,,,0.5628764567098934
143.0,0.2917640186915888,0.19154803922492264,0.64620644505204,0.6240299749429672,0.5164649294390639,0.2619754920163387,0.38274607014222645,0.36204257960497555,,,,,,,,,,,,0.4426705370101596,0.0,0.5454545454545454,0.3628048780487811,0.4883720930232558,0.5357142857142857,0.5806493686465827
144.0,0.28186331775700935,0.3693739850829637,0.8464519094199395,0.6042788623359139,0.36087203289824255,0.034719643520237695,0.12222499327758249,0.661481906971005,,,,,,,,,,,,0.2571359458151911,1.0,0.7272727272727273,0.8292682926829277,0.8372093023255814,0.9285714285714286,0.4157485673276962
145.0,0.2880841121495327,0.29875691909827545,0.8351531401918489,0.5989004824413777,0.6648778134668886,0.1623616784255478,0.2018411479621558,0.5927823462109388,0.0,0.0,0.0,0.3333333333333333,0.6666666666666666,0.3333333333333333,0.4,0.21428571428571427,0.4622252747252764,0.07708933717579379,0.027123198140953597,0.9344460570875666,1.0,0.0,,,,0.7263567926001965
146.0,0.2669392523364486,0.3743436073284239,0.7485808674691997,0.8800347806574667,0.5417578122980564,0.15150389899740066,0.1688245960652807,0.5570588730019193,,,,,,,,,,,,0.9501693275278181,1.0,0.0,,,,0.8597589833777867
147.0,0.2884431274219284,0.49626312332382355,0.7620900856279494,0.5734293290425331,0.6383930184194376,0.24095894505176027,0.36371318507586936,0.6164372773150362,,,,,,,,,,,,0.9915336236090954,0.0,0.0,0.012195121951219901,0.0,0.017857142857142856,0.6552153319907106
148.0,0.2502336448598131,0.1690586390443547,0.3429979865157538,0.2712953613323859,0.19984413255175304,0.41032305978462674,0.2960023944687194,0.16628996029696064,0.0,0.0,0.0,0.3333333333333333,0.3333333333333333,0.0,0.4,0.07142857142857142,0.785714285714286,0.46181556195965384,0.06582912748266218,,,,,,,0.11920092509540613
149.0,0.3261448598130841,0.12479813502258102,0.45011499270003424,0.3212302255132953,0.21589163923849658,0.33393984404010396,0.41208384631837813,0.21701233370189613,0.0,0.0,0.0,0.3333333333333333,0.3333333333333333,0.3333333333333333,0.2,0.07142857142857142,0.7651098901098906,0.6159942363112378,0.04647616281180781,,,,,,,0.15005776745970706
