,CurrTag,DeathDate,Sheep,Category,ID,Sex,AgeAtDeath,Weight,Foreleg,Hindleg,Directionality,DirectionalityVar,Entropy,EntropyVar,FociCount,FociCountVar,FociSize,FociSizeVar,Lacunarity,LacunarityVar,Scale,ScaleVar,TissueToSinusoid,TissueToSinusoidVar
0,AY592,15/02/12,100.0,Soay,4359.0,1.0,11.0,,,,0.3235826290257666,0.0020268695602182313,0.6214225930330458,6.990340918233015e-05,16.183673469387756,9.374427321949192,1177.886809077084,204026.25677211734,0.08090526061344808,0.0002495187675938577,29.693877551020407,1.8858808829653735,0.36677667165559014,0.0001081495940440516
1,AY579,16/03/12,117.0,Soay,4361.0,1.0,11.0,24.0,128.0,185.0,0.2314724784619097,0.003250476994677591,0.6189089983597994,0.0001491332027750571,14.394736842105264,7.028393351800548,2425.925300881609,494671.7710364335,0.1004940432733143,0.000575223322898083,33.526315789473685,3.512465373961229,0.37215672902393265,0.0003794357063058073
2,AO526,19/02/12,115.0,Soay,4628.0,1.0,10.0,,,,0.11333409980628857,0.0019096397333202412,0.6279011161918554,4.750911235088681e-05,4.568627450980392,4.8335255670895805,765.6590476190473,101233.43311219514,0.10572492669792244,0.0002684394366880424,30.529411764705884,2.2883506343714544,0.41838084763588607,0.0002723064684621307
3,AR029,26/03/12,37.0,Soay,5084.0,1.0,9.0,,,,0.5593375945577556,0.027955903855926834,0.6397895556213494,0.0002452809517421439,12.25,7.354166666666667,1418.2795474201723,239228.98754091156,0.08599522592596069,0.000988599647577304,47.666666666666664,55.55555555555566,0.4317204257523217,0.0008579110693850792
4,AR552,8/3/2012,74.0,Soay,5089.0,1.0,9.0,,,,0.20798181533051846,0.0034972925834019144,0.5359117766730483,0.0003730734285653557,0.6923076923076923,0.7514792899408285,661.6666666666666,241223.0138888889,0.137409492132044,0.0018318415218652655,32.53846153846154,1.6331360946745777,0.2732484422551455,0.00039426884706633263
5,AR562,10/2/2012,139.0,Soay,5103.0,1.0,9.0,,,,0.21339257718501964,0.004029764234130347,0.6071981047131232,0.00023991260284422186,21.574468085106382,13.56360344047077,1811.633187286768,332121.7927714922,0.08134363364815467,0.000246585953304504,27.97872340425532,0.9995473064734548,0.35193511204435046,0.0005429064737750962
6,AR569,17/03/12,7.0,Soay,5107.0,1.0,9.0,20.6,118.0,171.0,0.3069079583422711,0.0017184394412225483,0.6081994510073198,4.7368680286465436e-05,9.894736842105264,5.567867036011086,1595.0779638490164,243601.3627706413,0.07584829809673718,0.00012108071713075612,35.421052631578945,0.6648199445984286,0.3388462796973145,0.00016265051957684457
7,AR068,8/3/2012,116.0,Soay,5121.0,1.0,9.0,,,,0.12503348248539464,0.004311876360028908,0.6292219939247746,6.142315281268938e-05,11.340425531914894,9.2883657763694,1021.9109862898193,180461.37876141278,0.0795979493088242,0.00015013509762411487,29.425531914893618,1.0104119511091452,0.3821126480448008,0.00019783969865731392
8,AR073,3/3/2012,2.0,Soay,5127.0,1.0,9.0,17.2,114.0,169.0,0.3128537803838046,0.0003834943897166043,0.5394715168505535,0.00019781447410288644,11.0,0.0,1390.2272727272725,94500.34917355399,0.10653770559756544,0.00012892295057214537,33.0,0.0,0.26498888036283313,0.00017045155556713598
9,AR076,10/4/2012,35.0,Soay,5130.0,1.0,9.0,,,,0.29716782188179625,0.023021977147410368,0.6402883113217549,0.00013302135172512663,9.333333333333334,6.288888888888883,880.9335149110151,98455.95478087626,0.08518793101772008,0.000403414792320414,41.733333333333334,40.66222222222229,0.4366005995474066,0.00030581659108307825
10,AR079,9/3/2012,94.0,Soay,5133.0,1.0,9.0,22.8,127.0,180.0,0.31833034805993715,0.0029974686511957064,0.5687430063868221,8.03963197901971e-05,9.590909090909092,8.332644628099171,902.0702326713689,114294.16915347682,0.10340581896830035,0.0003992184593587964,34.09090909090909,4.26446280991728,0.2957943773774707,0.00010854661612198905
11,AR556,11/4/2012,47.0,Soay,5152.0,1.0,9.0,,,,0.21508436834428785,0.004969430646623997,0.6371156088345483,4.026753740138389e-05,8.821428571428571,9.146683673469381,776.350423584352,73511.88642991627,0.0985717475132538,6.784206719230182e-05,32.642857142857146,0.5867346938775881,0.4522654952994661,0.0004721187945678614
12,AW530,8/3/2012,18.0,Soay,5420.0,2.0,8.0,42.0,136.0,195.0,0.21596424178626156,0.002414857217007031,0.5922829645452313,0.0001479827220701421,11.363636363636363,14.231404958677683,1309.6219068809978,256405.2961592691,0.12165729335237954,0.00038346441389453234,33.18181818181818,1.7851239669421788,0.3352264714264256,0.0003167870055994201
13,AW004,24/02/12,144.0,Soay,5422.0,2.0,8.0,36.4,135.0,196.0,0.15639656730713336,0.00168259603567907,0.6286085338892747,4.595315488087337e-05,17.1875,14.360677083333334,1103.6528285465408,84437.43961669707,0.09812946996931261,0.00017171861867475505,25.75,1.4375,0.41863591862464555,0.0008273600552175889
14,AW534,13/03/12,52.0,Soay,5427.0,1.0,8.0,,,,0.2621073750719041,0.014374564679929303,0.6112031097712923,0.0002332238184329906,9.518518518518519,6.6941015089163285,1500.2019487713928,235735.75234599356,0.08340607515390717,0.0006267055834272541,34.629629629629626,8.307270233196133,0.34745929063319925,0.00047058641042034094
15,AW507,7/3/2012,42.0,Soay,5433.0,1.0,8.0,,,,0.18155083634503785,0.008456405149653897,0.6295856236140164,0.0001051842885639603,7.0588235294117645,10.467128027681664,930.2275313070768,123753.06661821743,0.11792046329746274,0.0003370227275410198,33.94117647058823,4.761245674740434,0.4584554231184691,0.0006116382917332022
16,AW533,16/03/12,68.0,Soay,5443.0,1.0,8.0,22.1,123.0,179.0,0.2942571950911252,0.002973587154106788,0.6030451180269761,8.652237105704227e-05,13.902439024390244,7.063652587745398,1879.7212062706144,430722.528829648,0.10102594325539734,0.00025725466438226817,32.51219512195122,2.1035098155859995,0.34028865564616645,0.0002683838964178364
17,AW522,4/4/2012,11.0,Soay,5444.0,1.0,8.0,22.9,125.0,179.0,0.13711926567627858,0.002620177276336845,0.5746323003693377,0.0004931641926808737,9.837837837837839,6.7304601899196514,1976.4143624393623,505241.78362062253,0.1050990129480975,0.0005031932130741132,33.5945945945946,0.8356464572681108,0.30600201877904365,0.0008681136181468497
18,AW512,7/3/2012,70.0,Soay,5447.0,1.0,8.0,,,,0.4542056990852391,0.009296581634215767,0.6152359498745379,0.00014690542042779717,9.595238095238095,7.145691609977327,952.9477206325424,114886.64262325477,0.08245200174490688,0.0002975736038699627,38.523809523809526,11.773242630385496,0.3526156465195725,0.00039778624414348637
19,AW516,29/03/12,36.0,Soay,5459.0,1.0,8.0,,,,0.3977142986213077,0.022635758363692367,0.6377569003091628,0.00011077136088771384,15.179487179487179,12.865220249835637,940.0900178814638,36614.80808583303,0.09048424224794457,0.00041226935625348325,37.30769230769231,43.39250493096654,0.4287852667708843,0.0005824616366664232
20,AW591,17/03/12,142.0,Soay,5460.0,1.0,8.0,,,,0.10717060643033441,0.001477673170482438,0.6061091757070456,0.0003493266510974198,14.653846153846153,13.534023668639048,1781.4527194835541,226172.73702574061,0.1117354958727368,0.0006301702562089882,29.307692307692307,0.5207100591715761,0.35765581683955266,0.00046731375620820626
21,AW063,29/02/12,19.0,Soay,5480.0,2.0,8.0,,,,0.23239797061304834,0.004139866986077726,0.6240175339249214,0.00012405954124735294,8.2,9.715555555555552,628.1514574314574,67623.85411501932,0.07758858984068269,0.00017284048878188043,33.666666666666664,3.5555555555555554,0.3706455044872159,0.0002898818139323072
22,AW517,8/3/2012,132.0,Soay,5506.0,1.0,8.0,,,,0.16156954467620643,0.0010892939488012577,0.6182410655680873,6.621719863787234e-05,12.98,8.05959999999999,2089.463822036838,333339.15837474406,0.08241762551980701,0.00017755468007332409,31.36,1.230399999999936,0.36260237109916543,0.0003131258194600228
23,AW532,21/03/12,140.0,Soay,5510.0,1.0,8.0,24.7,128.0,188.0,0.0994030832812678,0.002414685979804865,0.6159082618303855,5.689041984346943e-05,11.083333333333334,9.57638888888889,1094.9173141174367,154038.33511500744,0.08304021734969244,0.00016000126162675333,31.11111111111111,0.4320987654320763,0.3525559722843375,0.00015026429105247097
24,AW588,22/02/12,58.0,Soay,5525.0,1.0,8.0,18.4,126.0,182.0,0.3151832017178893,0.003411385904803618,0.6033337408960878,4.569097878138723e-05,5.365853658536586,8.23200475907198,544.4077777777776,42129.457951828415,0.08173291784151089,8.804286873192606e-05,34.609756097560975,3.7501487209993662,0.3359122000540043,0.00011050394855018041
25,AW596,28/02/12,83.0,Soay,5530.0,1.0,8.0,21.4,114.0,168.0,0.2231507507308446,0.0015136440960083523,0.5953056763226307,6.326915344766112e-05,13.066666666666666,5.39555555555556,2261.041962111962,602065.7279053747,0.11257820002011182,0.00016771567340274443,31.533333333333335,0.7822222222222384,0.3451516212039379,0.0001517760675391185
26,AW594,8/4/2012,106.0,Soay,5531.0,1.0,8.0,22.0,125.0,184.0,0.210026691689743,0.006071422528410357,0.6410921162554832,4.079234708775914e-05,11.34,5.2644000000000055,2060.7548897899483,411361.32249036786,0.06921795449220197,0.00016812825159664814,32.48,1.569600000000064,0.40861043276624803,0.00010163639694305004
27,AW531,13/02/12,5.0,Soay,5562.0,1.0,8.0,,,,,,,,,,,,,,,,,
28,AW514,17/03/12,44.0,Soay,5593.0,1.0,8.0,23.6,125.0,179.0,0.2551122049680489,0.0030370826169663187,0.628335247657028,5.091435355225462e-05,5.871794871794871,8.31689677843524,1011.6126303183994,345304.68487938435,0.12069396333420777,0.00015860826405873383,31.564102564102566,3.2715318869164687,0.4635760837277945,0.0004848744942035155
29,AW279,11/3/2012,30.0,Soay,5596.0,1.0,8.0,,,,0.20897288967542982,0.0023401809725879822,0.6059859839270738,0.00015832307638089356,3.3333333333333335,2.6507936507936503,592.3861788617887,42147.21755965363,0.07177063284266236,0.00015395070829703073,34.95238095238095,0.28344671201817356,0.3309694888624407,0.0003382056860671649
30,AW196,26/02/12,4.0,Soay,5604.0,1.0,8.0,,,,0.2207456851049775,0.00510779777713507,0.5770438455655529,0.0003898585325290928,13.615384615384615,8.082840236686375,2255.235887637804,416520.3930312991,0.114027369215959,0.0005017140566509098,35.15384615384615,1.8224852071006563,0.3279073742790207,0.0010198761593008553
31,AL041,1/3/2012,81.0,Soay,5768.0,2.0,7.0,36.9,136.0,194.0,0.5437411834473206,8.901398733292728e-07,0.5107550364831832,1.6603377097560806e-05,6.0,2.0,455.19166666666666,6579.790138888871,0.07691393094105106,2.1543095053011784e-05,35.666666666666664,0.8888888888888383,0.22863239057184156,1.0708262468785609e-05
32,AG002,24/03/12,59.0,Soay,6082.0,1.0,6.0,,,,0.305552703682826,0.013810017785720564,0.6115914494275502,0.00011159627771468234,4.777777777777778,8.450617283950615,736.0212378890951,108086.35572174468,0.08019456947773593,0.00040119248713664664,37.111111111111114,2.4320987654320763,0.34471416008986927,0.00018849307080413979
33,AG025,28/02/12,65.0,Soay,6102.0,2.0,6.0,,,,0.23519991592822329,0.007791117110534171,0.574637977918767,0.00019676448357897058,11.409090909090908,18.05991735537191,1302.6400901415482,164275.10418454793,0.12172473833950828,0.00040396359318918426,28.636363636363637,1.3223140495867318,0.3223565584863229,0.0006092910027467087
34,AG040,13/03/12,10.0,Soay,6116.0,2.0,6.0,35.7,130.0,175.0,0.29383954616746893,0.003646840462399936,0.6064167394230153,0.0002659878649760028,8.25,5.6875,763.0733766233766,42252.86420433468,0.09828881999567943,0.0005956715226627246,38.0,1.0,0.3410702803352943,0.00027017980168579647
35,AG075,3/4/2012,27.0,Soay,6150.0,1.0,6.0,22.9,125.0,182.0,0.31104459942724183,0.008063081286108779,0.6204434999169898,8.47253503578851e-05,11.030303030303031,10.817263544536273,1667.3784199856386,266298.4349909325,0.08640495745602719,0.0003025533176334145,32.63636363636363,3.261707988980616,0.37642510753122665,0.0002823346981907664
36,AG101,10/4/2012,128.0,Soay,6171.0,1.0,6.0,,,,0.14211472546636436,0.004834868728340137,0.6268403347281865,0.00012881588872349484,14.306122448979592,12.416493127863406,2541.0240858534717,827558.9905453507,0.07999153201372507,0.00024377369664625584,32.224489795918366,0.9496043315284994,0.38762043652427913,0.0006700603120115601
37,AG585,25/03/12,69.0,Soay,6186.0,1.0,6.0,,,,0.4166556788087109,0.003071995276669635,0.5847515438007284,8.257365320350718e-05,8.0,6.0,1500.3667225247868,421784.04017421074,0.09976239277704917,0.0003955415861631352,36.935483870967744,2.705515088449418,0.3078928070525061,0.00014263446126117074
38,AG578,25/02/12,143.0,Soay,6189.0,1.0,6.0,21.1,120.0,174.0,0.3112534655436139,0.0068588557486915875,0.6007278852040632,0.000504751865024966,17.729166666666668,15.822482638888877,1519.0856470368492,211309.12467773104,0.07656198708804461,0.0002605527555184517,31.75,1.4375,0.33262520837282605,0.0010749413194122888
39,AG132,23/03/12,84.0,Soay,6193.0,1.0,6.0,21.3,125.0,181.0,0.32773122322678583,0.0018208210027792664,0.596434328601124,6.532786267608406e-05,13.5,17.557692307692307,606.8084440856172,37489.45320149067,0.07726733720595338,0.0001842288450381943,33.0,4.0,0.3220485903260117,9.048802276905982e-05
40,BY085,24/02/12,136.0,Soay,6411.0,2.0,5.0,,,,0.08677657401734946,0.0013199706778842845,0.6159576345291369,8.617071393801881e-05,15.2,9.182222222222238,2759.9115307866077,551115.85338632,0.1175233059869234,0.00034310949688421105,28.11111111111111,1.6987654320987835,0.4159163502045077,0.0010137187036468377
41,BY157,15/03/12,80.0,Soay,6486.0,2.0,5.0,40.2,142.0,200.0,0.4202133133700472,0.010723946934563355,0.5639197355852645,1.6240721713578488e-06,10.5,6.25,1171.9567307692307,1061.569179918617,0.13661454173063714,0.001210168727569346,38.0,9.0,0.293061389222669,0.00013815015297785616
42,BY159,8/4/2012,32.0,Soay,6488.0,1.0,5.0,,,,0.19810401722926602,0.02678092091673439,0.6188599547804272,0.00013062839015084057,9.444444444444445,3.8024691358024634,1288.962777962778,147222.58118156675,0.09299223043979327,0.0003347289729501851,32.77777777777778,35.95061728395053,0.3801072797815396,0.000382519341741272
43,BO005,19/02/12,15.0,Soay,6567.0,2.0,4.0,,,,0.15832121032344626,0.004230145054318765,0.6134634698394292,0.00016908844838409658,9.681818181818182,5.398760330578522,1761.0404118608662,245361.90252550284,0.09830297629248598,0.00033915770105095495,31.818181818181817,0.9669421487603607,0.36814845124883905,0.0005749608453588063
44,BO544,7/3/2012,41.0,Soay,6585.0,1.0,4.0,21.2,126.0,182.0,0.24171790014873176,0.0025982174909081612,0.6253909207287061,0.00011076240809609894,8.1875,12.02734375,858.9131124084248,276958.4868296097,0.12154440601299447,0.000532076599032703,29.3125,16.27734375,0.47957631962113045,0.0030943851513791643
45,BO530,4/4/2012,29.0,Soay,6588.0,1.0,4.0,21.9,123.0,180.0,0.5603944516902151,0.015116406631626366,0.6141467510911627,0.00017260434017520864,11.2,11.559999999999992,1906.0313791763795,226274.5867905192,0.08489213164822043,0.00019721897956106598,40.8,16.359999999999854,0.36628264963426205,0.0008481035406434189
46,BO034,21/03/12,118.0,Soay,6609.0,1.0,4.0,17.4,119.0,168.0,0.20257761977932282,0.0028770078833124657,0.6271893213389479,0.00012056053355824156,10.121212121212121,7.258034894398531,1294.3824903211266,213120.0370653974,0.1005330298162808,0.00036701671205132644,30.272727272727273,1.4104683195592687,0.3976741940511773,0.0004943110986361058
47,BO045,8/3/2012,3.0,Soay,6623.0,2.0,4.0,,,,0.21154195611036897,0.0024372615932408206,0.5608427828030448,0.0004180880619756002,8.609756097560975,6.579417013682337,638.1177339598071,39501.04532650354,0.12923801618770947,0.000448153675154565,31.097560975609756,0.7709696609161301,0.2964789049449618,0.0005219408533190196
48,BO060,21/03/12,77.0,Soay,6646.0,1.0,4.0,23.3,119.0,174.0,0.2897557224998466,0.008843965891234328,0.6140390117558696,0.0005440915477813511,5.0,11.411764705882353,504.98610893075187,14732.935557922781,0.09492158075456747,0.0003369427646487024,36.294117647058826,21.148788927335666,0.37104339991526136,0.002020317895804963
49,BO072,7/3/2012,91.0,Soay,6658.0,2.0,4.0,,,,0.17854441959676692,0.0011000689296322363,0.6223790565933986,2.844211488577386e-05,10.4,13.04000000000001,1228.3913461538461,236802.86789571046,0.08745999528023475,4.4966643466945454e-05,33.8,0.9600000000000364,0.3816892619093645,9.244027453476633e-05
50,BO126,26/02/12,33.0,Soay,6713.0,1.0,4.0,18.5,120.0,175.0,0.6781567124993889,0.00222689790158171,0.635642896204535,7.128569896983888e-05,10.764705882352942,7.003460207612454,1880.2149824032176,724926.8742562726,0.06023435786427343,0.0001820964043061254,51.23529411764706,5.121107266436036,0.37765813811923193,0.0002860087664663848
51,BO541,7/3/2012,56.0,Soay,6718.0,1.0,4.0,18.7,127.0,183.0,0.31919757323521153,0.013247983955758928,0.5807819088811229,0.00018491323898044913,5.416666666666667,5.631944444444445,667.219499559083,104070.37156720785,0.08516471701286037,0.00024890805738767935,33.72222222222222,4.700617283950527,0.3017667564516041,0.00023941381635449332
52,BO132,1/3/2012,129.0,Soay,6719.0,2.0,4.0,29.8,127.0,183.0,0.15149630769939865,0.003491046776861007,0.6164146710231371,0.0003024455588189892,17.836734693877553,10.91211995002083,2543.87989739465,373136.9273503934,0.08942299296031087,0.00030648911403167913,28.79591836734694,0.6930445647646722,0.3756494481379977,0.0011752319602876928
53,BO142,17/03/12,54.0,Soay,6729.0,2.0,4.0,,,,0.20339089053175463,0.0034460488692869477,0.6061468729393034,0.00022020841839150452,5.891304347826087,5.74905482041588,933.7435786435785,175756.96299393507,0.07737298091701095,0.00011074077661842102,36.08695652173913,1.3402646502834852,0.3387150249934041,0.0005568925452517178
54,BO143,20/03/12,67.0,Soay,6730.0,1.0,4.0,22.5,122.0,178.0,0.3393669230960655,0.017408520945887233,0.6121835934304853,0.00016250805008264122,11.25,11.6875,1278.028325872566,176825.3788766892,0.09201004325163735,0.0008264975627596553,36.72222222222222,46.033950617283864,0.3664592947744158,0.0007038973180407816
55,OP286,12/3/2012,88.0,Soay,6780.0,1.0,,22.2,129.0,185.0,0.26425166650384596,0.0018846632943103347,0.5809878329560983,0.00011867415650956836,8.125,6.359375,958.205726911977,71514.44274933326,0.09632316165515482,0.00013125036563605327,32.166666666666664,1.6388888888888384,0.3062927275094786,0.00016451243442613025
56,OP289,9/3/2012,135.0,Soay,6786.0,1.0,,,,,0.08374454400932166,0.00199536618798124,0.5600306762534599,0.0005222254258513815,28.04,26.718399999999964,1286.7232593137041,118614.87297124267,0.09758683444870743,0.00038233690685580914,29.04,1.0383999999999651,0.29132749766294863,0.0008311949299543464
57,OP291,28/02/12,8.0,Soay,6810.0,2.0,,,,,0.4370858471978521,0.03100660753549585,0.6189746501529582,0.00014777306335678198,11.083333333333334,7.5763888888888955,1204.2898855773853,177726.4210618284,0.08128392267947379,0.00045227926259900725,37.166666666666664,24.305555555555657,0.3609722443096714,0.0004944029623598634
58,BR029,29/02/12,130.0,Soay,6849.0,2.0,3.0,,,,0.1261396702922717,0.0018152337117327089,0.6084641478636547,0.0001433869583609493,14.7,12.69,2257.8731233037947,426086.6469947582,0.1010933507180461,0.0005745403255335257,29.92,1.3136000000000059,0.35728019020640694,0.00028165844938859763
59,BR581,7/3/2012,23.0,Soay,6859.0,1.0,3.0,23.9,130.0,190.0,0.28311567586471903,0.027240199134751755,0.6251324860500815,0.00018240870516602774,9.285714285714286,8.889795918367353,2122.3558436404874,608881.0889311654,0.11008535299008984,0.0009759206880849985,33.8,49.87428571428567,0.4157037885107657,0.0007906856207886495
60,BR050,1/3/2012,72.0,Soay,6868.0,2.0,3.0,27.9,132.0,189.0,0.2404316104525191,0.005563653341573459,0.5196325215180111,0.0003891578724835149,1.105263157894737,1.6731301939058172,398.5378787878788,16186.84010560148,0.15601805226727397,0.0010340700595689006,29.42105263157895,0.6648199445984286,0.25655999106403327,0.00037786975077206
61,BR071,1/3/2012,6.0,Soay,6886.0,2.0,3.0,30.9,130.0,191.0,0.15191794678797166,0.00330161186045717,0.6020979727457512,0.00021013403390490737,10.06,8.216399999999995,1001.4737343261314,157222.43607591928,0.10561038420243601,0.00032587620509980873,32.16,1.4544000000000232,0.35099219440931084,0.000349027754608926
62,BR087,9/2/2012,133.0,Soay,6898.0,2.0,3.0,28.4,124.0,175.0,0.11342872911519555,0.0009538796126206117,0.6245913243158554,0.00017743951271828788,7.930232558139535,7.367225527312057,1106.4187097140587,149240.61492297988,0.12200204881698389,0.0011026518054752792,30.162790697674417,0.9734991887507508,0.44974959946632287,0.00153397405537199
63,BR093,26/03/12,86.0,Soay,6904.0,1.0,3.0,,,,0.3784509324540231,0.00221858072676197,0.5732052366190554,0.00032533087396962354,3.0,9.142857142857142,606.74,148491.15040000007,0.09633845013386387,0.00010306942175695206,35.857142857142854,6.693877551020445,0.29860317946733667,0.0004768677000146176
64,BR101,25/03/12,89.0,Soay,6910.0,1.0,3.0,21.6,122.0,183.0,0.12909857968942995,0.0015517407801472593,0.6065165669911404,9.263388556663976e-05,12.2,5.159999999999991,1603.3853063603062,411854.33040009177,0.10939905893807345,0.00029227356856645624,33.2,1.9600000000000364,0.36309340353342195,9.198011362221425e-05
65,BR121,13/03/12,51.0,Soay,6928.0,1.0,3.0,18.2,120.0,177.0,0.2839794909768045,0.013897345286703262,0.6123415790716855,0.00036150880526424344,2.9,3.4899999999999998,1109.6586206896552,391872.65927610215,0.1097218271259737,0.0005871381686869034,35.86666666666667,4.182222222222238,0.3763388298890138,0.0014000104574285466
66,BR585,17/02/12,78.0,Soay,6935.0,2.0,3.0,27.7,127.0,183.0,0.4358475560462343,0.010093160610917806,0.5751748901209752,0.00016072786686335643,0.7333333333333333,0.7288888888888889,310.83333333333337,2416.611111111095,0.11251653727930783,0.0010912149422183475,42.2,25.49333333333343,0.30665967321602955,0.00031671545952497067
67,BR567,26/03/12,43.0,Soay,6971.0,1.0,3.0,17.3,112.0,170.0,0.22240586123522377,0.005609616689692367,0.635353977453004,5.064527699917399e-05,7.444444444444445,15.080246913580247,929.8639388003974,217817.41439062418,0.10889112304672707,0.00013703519046378502,31.833333333333332,8.305555555555555,0.49124381718772003,0.0005994504923953295
68,BR573,3/4/2012,13.0,Soay,6972.0,1.0,3.0,20.5,125.0,180.0,0.37179719761384233,0.006135316983469795,0.6015924158486363,7.074249729561228e-05,10.666666666666666,2.6666666666666665,1666.8615039281706,406621.2447449685,0.0863657827280169,0.00020624232634560948,35.22222222222222,0.3950617283949719,0.3297923544028025,0.0001370259571832344
69,BR574,22/02/12,93.0,Soay,6981.0,2.0,3.0,,,,0.23776776978632996,0.0037849029251225542,0.5826835462663077,8.241965510185477e-05,15.897435897435898,15.322813938198566,1178.4595217261488,94677.59853480871,0.10141250106570794,0.0003657277197168596,34.64102564102564,5.922419460881009,0.31693011960034617,0.00013003222813863977
70,OP296,7/3/2012,112.0,Soay,7074.0,1.0,,,,,0.23178406372219276,0.001412418470870336,0.6142754003875737,0.00010813368912049906,6.0638297872340425,11.889542779538251,583.2901803751804,35646.892857811225,0.10191972025411133,0.0004358485479891599,32.276595744680854,1.2639203259392897,0.36872641375430526,0.00012166996673300371
71,OP297,15/02/12,131.0,Soay,7075.0,1.0,,,,,0.30210849104250154,0.0034942526398726087,0.5919956509977542,0.0003649621151924308,18.285714285714285,16.693877551020407,1421.0470106372095,157653.0652018618,0.07366502393222002,0.00044729516636616407,29.3265306122449,0.8729695960016902,0.3170484682669343,0.0004808737579229122
72,BO172,22/02/12,102.0,Soay,7097.0,2.0,4.0,,,,0.16243691703301336,0.0030966980106012965,0.6204256430222075,3.480227401916639e-05,11.954545454545455,7.952479338842977,981.2338831511623,58056.51752655174,0.09134234176814578,0.00012110076174662688,30.272727272727273,0.9256198347107287,0.37575305238251144,0.00010344820579650198
73,BW003,21/02/12,138.0,Soay,7107.0,2.0,2.0,,,,0.12194398418848156,0.002243822419691416,0.6102379990746175,0.00021253346276524224,17.877551020408163,14.760516451478535,1714.4248984466058,318102.8713053349,0.0944435929374728,0.00030624833616011663,27.0,0.0,0.35637048826052403,0.0004504909886215719
74,BW014,20/03/12,46.0,Soay,7116.0,1.0,2.0,,,,0.19505707992825935,0.002974096565424091,0.6164310541515755,5.782390233029167e-05,5.571428571428571,13.863945578231291,865.8461111111112,138542.26298292392,0.14586812248907932,0.00025058753966067913,26.904761904761905,3.229024943310616,0.4866194827501184,0.0009943681895103328
75,BW024,5/3/2012,1.0,Soay,7124.0,1.0,2.0,18.9,122.0,173.0,0.17237801080681595,0.0034112474039024363,0.5460608648105448,0.00019338272434166193,2.1666666666666665,3.138888888888889,540.9121212121212,58096.79540863184,0.13452777137696623,0.0007668870080174486,30.5,0.75,0.27878490011229806,0.00043303634185047163
76,BW035,8/3/2012,62.0,Soay,7135.0,2.0,2.0,,,,0.08643020203936805,0.0009646204203241866,0.6280945818376866,6.008138990371245e-05,2.5,3.2934782608695654,542.9114774114774,61813.83125323325,0.09675819469533176,8.703861489742588e-05,27.91304347826087,4.644612476370441,0.4079668319275994,0.0005192511517255267
77,BW038,19/02/12,17.0,Soay,7139.0,2.0,2.0,,,,0.20642679177223403,0.0029206410170245973,0.5988482773457647,9.204173013674274e-05,11.25925925925926,13.303155006858711,1855.288847490563,540483.342170819,0.12502515351945323,0.000741657733768896,30.11111111111111,1.2839506172839956,0.3484339560699634,0.00019808708569891
78,BW039,23/03/12,107.0,Soay,7140.0,1.0,2.0,21.2,122.0,179.0,0.17007089046807197,0.006415714094024819,0.6231042786158244,7.753256613115174e-05,14.666666666666666,8.888888888888877,1009.8420720140463,90954.0737109667,0.07098768768689846,0.00017925881397252985,31.916666666666668,1.1597222222221717,0.363954957924053,0.0001335995695339228
79,BW045,26/03/12,134.0,Soay,7146.0,1.0,2.0,,,,0.41151047113446343,0.009638824297359334,0.5819085712054166,0.0009506384629149355,18.58823529411765,8.006920415224908,1520.3334067613841,273059.800991128,0.09585833538101891,0.0020161670060367086,32.76470588235294,0.41522491349486,0.3146299328350197,0.0009954409632639174
80,BW055,17/04/12,71.0,Soay,7155.0,1.0,2.0,,,,0.20196755145298095,0.004453802426176712,0.6073910969008433,0.00024366607581379057,9.045454545454545,7.452479338842977,1060.608191902794,185407.63400719466,0.07807672507789377,0.00020619597110466505,34.95454545454545,0.9979338842974605,0.33697356360483943,0.0005522399138107037
81,BW056,25/02/12,141.0,Soay,7156.0,2.0,2.0,31.1,134.0,191.0,0.2031088708652427,0.0018498246141065002,0.6191922256316583,9.500432294309548e-05,13.11111111111111,5.543209876543212,2347.208422441756,576433.2265138344,0.10599752210714392,0.00025582427961557314,27.88888888888889,0.9876543209876318,0.3875157218224079,0.0004153500132852243
82,BW122,20/03/12,137.0,Soay,7171.0,1.0,2.0,,,,0.13998868077485832,0.004398282584827893,0.5879071987632171,0.0009144228507420137,15.92,9.273600000000005,1648.1204938777921,274235.4553366786,0.07855058919185366,0.0002326329254455717,32.56,1.3263999999999943,0.31519579683242904,0.0017701819027182352
83,BW074,8/3/2012,14.0,Soay,7209.0,2.0,2.0,28.0,128.0,182.0,0.20415085087086954,0.011070032646552609,0.5993058731667954,0.0002028828213863797,7.170212765957447,9.247623358985967,862.8563668600901,90748.7637132644,0.09622027180368059,0.0005324206507474775,33.808510638297875,1.8143956541421853,0.3378624588339234,0.0006580333445208089
84,BW098,29/02/12,50.0,Soay,7233.0,2.0,2.0,,,,0.20947961254722453,0.004982164772284835,0.6236654424826311,5.49115067498234e-05,4.0,2.2857142857142856,916.1833333333333,133903.97611111123,0.13560009661330094,0.00021613496629156934,27.285714285714285,1.6326530612245083,0.49140349450554055,0.00011487831546379874
85,BW223,9/3/2012,66.0,Soay,7253.0,1.0,2.0,,,,0.3667786440204839,0.008061476277711116,0.5641515043852905,0.00023348826560587455,2.6875,5.21484375,471.823611111111,11933.480113811791,0.10776919846621442,0.0008269996076657755,35.0,3.0,0.2910648170707231,0.00023782543704069237
86,BW162,15/03/12,31.0,Soay,7349.0,2.0,2.0,,,,0.37871160038079105,0.01230492849593362,0.614547164397791,7.089659003406412e-05,9.25,5.0625,1462.2431910103785,166189.32880296418,0.10341000112527533,0.00040114410027307194,39.25,17.9375,0.36610512046935106,6.638515380558152e-05
87,BL038,6/4/2012,108.0,Soay,7468.0,1.0,1.0,,,,0.22303455514111614,0.00630752984726751,0.6499873969924231,3.52488181460474e-05,3.973684210526316,5.394044321329641,787.5134502923977,149215.01275723035,0.06252077084482345,0.00016821179078557735,34.526315789473685,0.9335180055401763,0.4207985017879479,0.0001815203996131431
88,BL086,17/03/12,55.0,Soay,7514.0,1.0,1.0,,,,0.4373232290895963,0.007074292247486587,0.6179128911887272,7.401081968330043e-05,11.387096774193548,8.30176899063476,906.6021175219468,72687.93372213829,0.0774284487508123,0.00022335785935269134,38.935483870967744,4.770031217481677,0.35412527529438814,0.0001945178985659383
89,BL106,24/03/12,28.0,Soay,7533.0,1.0,1.0,,,,0.42632527081492233,0.0078037152986549785,0.6044914027334516,0.00018415292405826733,14.782608695652174,6.2570888468809125,1800.5850394540846,266217.69831454946,0.09788012873063978,0.0005143863562987871,33.78260869565217,20.431001890359134,0.3460111567734109,0.00029325373979713717
90,BL126,25/03/12,105.0,Soay,7552.0,1.0,1.0,,,,0.13492009624915377,0.0013708520200991115,0.6104954020795799,6.97872578884784e-05,7.12,6.105600000000004,974.6826147186148,162612.45430024847,0.07344355385781307,0.00015044296245036003,32.6,1.12,0.3421425947612611,0.00011957426028139651
91,BL130,9/3/2012,22.0,Soay,7556.0,1.0,1.0,,,,0.5813946604081792,0.0051234429386432636,0.6263711976011572,9.832531673326095e-05,12.05,10.54749999999999,1103.665750691302,123313.44305849951,0.06964674529334983,0.00021879630292776786,41.6,9.240000000000146,0.3628071909731482,0.0002252424135344544
92,BL144,8/3/2012,79.0,Soay,7570.0,2.0,1.0,,,,,,,,,,,,,,,,,
93,BL239,16/03/12,39.0,Soay,7589.0,1.0,1.0,,,,0.3050075316894605,0.041748180178036935,0.6483994369721995,0.00012061127667812125,13.733333333333333,27.39555555555556,1102.2092234619597,133103.36890556116,0.07403421102517353,0.00035921869354579026,35.4,14.50666666666657,0.4433290621677657,0.000427404643056839
94,OP320,4/4/2012,61.0,Soay,7708.0,1.0,,,,,0.4099203318165601,0.013943482684825417,0.5970463192022815,0.00018595487378106435,2.5483870967741935,3.3444328824141523,523.1208994708994,59595.40741468604,0.07403748030657088,0.0003398626851297118,37.774193548387096,10.497398543184259,0.3220309734215531,0.00020275883124450694
95,BL296,8/3/2012,90.0,Soay,7717.0,1.0,1.0,12.4,104.0,154.0,,,,,,,,,,,,,,
96,BL158,4/4/2012,57.0,Soay,7727.0,2.0,1.0,17.0,129.0,178.0,0.2581461580941232,0.012523221308300305,0.6314804479000454,0.00016377770973929215,11.551020408163266,6.655560183256985,1933.7497523734764,251086.55802445265,0.0814957086054942,0.0004754794003274897,37.326530612244895,31.730112453144546,0.3983870761019168,0.0005597698284366743
97,BL174,8/3/2012,60.0,Soay,7736.0,2.0,1.0,,,,0.3684516267937296,0.013919626312379281,0.603609365908852,0.00031239353250117776,7.828571428571428,10.14204081632653,732.5022613894041,78719.36928929665,0.09805116403423021,0.0006760937919768871,38.142857142857146,9.43673469387764,0.34095211624563565,0.00043829220122236934
98,BG002,7/3/2012,109.0,Soay,8214.0,1.0,0.0,,,,0.22609911551202969,0.007986540652756316,0.6322957741985761,2.4695647538338267e-05,8.083333333333334,7.701388888888886,1054.124487433862,178867.32122535413,0.09166644388063531,0.00016123912585101993,32.458333333333336,6.456597222222172,0.4099112076297942,0.0001918521695304746
99,BG007,20/03/12,25.0,Soay,8219.0,1.0,0.0,15.1,115.0,164.0,0.5507916045464446,0.017176125381314553,0.6386710587131462,2.047219955863306e-05,16.428571428571427,7.387755102040826,1329.8898184374962,193889.40728662137,0.07320896047195102,8.179721060306724e-05,43.285714285714285,23.346938775510093,0.40523968507254526,0.0005805945058179329
100,BG010,14/02/12,145.0,Soay,8222.0,2.0,0.0,,,,0.20372137846003122,0.016955220521738604,0.6270353795787985,6.901263143959113e-05,17.04,6.4784000000000015,1915.3478420515075,181757.92886811672,0.08956473351085464,0.0005750903664352858,29.12,3.2655999999999765,0.3989027123456374,0.0003886282644421257
101,BG013,7/3/2012,111.0,Soay,8225.0,1.0,0.0,,,,0.1755736073633237,0.0022036085862653897,0.6269735733176867,7.497629828334902e-05,4.196078431372549,7.608612072279891,589.5610119047619,91581.40212391801,0.09511303901926281,0.0004074608311651269,32.84313725490196,4.367550941945428,0.39599343024237843,0.00011162930454497836
102,BG014,12/3/2012,127.0,Soay,8226.0,1.0,0.0,,,,0.1331263872963257,0.001969521339955118,0.6065883450269001,0.00044135257326531797,18.32608695652174,9.393667296786392,1576.1146738997002,145990.9274857125,0.09093209065145716,0.00044235014520125395,30.695652173913043,0.8638941398866059,0.348473241193962,0.0010754206139225175
103,BG018,24/02/12,24.0,Soay,8228.0,2.0,0.0,12.3,107.0,157.0,0.6239769696828161,0.0033177038609207288,0.6304482209691995,6.56463296232479e-05,15.75,7.6875,742.2050473326982,26772.57056726329,0.053330230681575524,7.200304388915463e-05,41.0,2.0,0.3607873210885382,0.00017408993684597807
104,BG022,25/02/12,113.0,Soay,8232.0,2.0,0.0,,,,0.16286549581832194,0.0027581284878912585,0.634371993526233,3.5558404379385263e-05,8.133333333333333,15.09333333333333,750.5717642328793,47785.82246429152,0.08551162905048772,0.00013699898817684088,32.28888888888889,2.1609876543209086,0.4093263251573784,0.00024680433590222134
105,BG024,26/02/12,92.0,Soay,8234.0,2.0,0.0,16.3,113.0,168.0,0.42292872176240154,0.0027900722500451536,0.5938976091382965,0.0001445979401042154,17.65714285714286,14.625306122448976,2230.0976426711723,561468.9330324241,0.0855128209169964,0.0003490764064786037,36.31428571428572,3.415510204081615,0.32654811743927825,0.0001799660635366074
106,BG027,25/03/12,104.0,Soay,8237.0,1.0,0.0,13.1,118.0,157.0,0.163701475908996,0.00334816916827466,0.6178395045490349,9.45604955252374e-05,17.693877551020407,9.232819658475652,1122.4309193280455,70943.75603080951,0.09673347818138359,0.0003706066563338218,30.26530612244898,0.9296126613911355,0.37364321299523673,0.0001291346739824924
107,BG035,20/02/12,26.0,Soay,8245.0,2.0,0.0,10.5,101.0,147.0,0.373165819411855,0.009357125952330682,0.6310241525243842,0.0001215759236222979,11.162790697674419,6.182801514332062,2164.4970068159532,434320.6844217167,0.0909336479933639,0.0004046735246204583,30.488372093023255,9.133585722011894,0.4062937944794813,0.0005396068544857018
108,BG043,9/3/2012,40.0,Soay,8252.0,2.0,0.0,13.3,113.0,167.0,0.11374730196188612,0.005382892424270483,0.63570428615264,5.2638234323370874e-05,6.478260869565218,6.684310018903592,879.2905243307416,106954.28625583908,0.10681033755697848,0.0001476108635164549,31.956521739130434,3.780718336483994,0.5102327281646982,0.0008043275340190448
109,BG046,14/03/12,38.0,Soay,8255.0,1.0,0.0,12.3,112.0,160.0,0.13652971558851254,0.01007951751030626,0.6083507240362224,0.00013422905432434613,18.483870967741936,13.862643080124878,2264.592692114252,345591.77187519113,0.1585109804977424,0.000545069983789122,25.70967741935484,29.560874089490103,0.4694080248166556,0.00063316353049596
110,BG048,9/3/2012,48.0,Soay,8257.0,1.0,0.0,11.3,114.0,153.0,0.10946786931464689,0.0009127363960194451,0.6095409931043865,6.237835682871839e-05,5.3,8.010000000000002,1111.2389724310776,724527.5201370418,0.1595277493508879,0.00022250979936031535,25.6,0.8399999999999637,0.5158715819245576,0.0004948153380192277
111,BG059,22/02/12,73.0,Soay,8269.0,1.0,0.0,13.3,109.0,155.0,0.16728379373601474,0.0038197934459383407,0.5585710910475757,0.00029416603295890227,0.6153846153846154,0.8520710059171598,331.20454545454544,6591.736570247936,0.1509431780568374,0.0008207736953633022,30.923076923076923,2.3017751479289403,0.3057912168081177,0.0005897710981835805
112,BG072,20/02/12,76.0,Soay,8282.0,2.0,0.0,12.5,106.0,156.0,0.2510884692273656,0.013365022620483225,0.541455825297394,0.0007162799833157053,7.888888888888889,4.320987654320991,1213.8367965367963,509455.543243498,0.12913511124813684,0.000884567538144137,33.22222222222222,4.839506172839417,0.2787831379391037,0.0008705174216061293
113,BG078,9/2/2012,146.0,Soay,8287.0,2.0,0.0,,,,0.18409593825094483,0.006424714326474956,0.6149817176929744,0.0004903494252993154,24.75,18.90972222222222,1586.6176092758822,157451.05791585273,0.09873220677573397,0.0003084345855035571,28.833333333333332,3.861111111111111,0.3886415307887682,0.0022944474030104603
114,BG082,16/03/12,53.0,Soay,8291.0,1.0,0.0,,,,0.5553903288856608,0.003517720779071254,0.6015442200134314,7.787491739164043e-05,9.46875,8.5615234375,830.1557550955989,110750.36030340882,0.085476073173039,0.000293377974559781,37.25,6.6875,0.3286358732778001,0.00013494950052855836
115,BG083,24/03/12,82.0,Soay,8292.0,1.0,0.0,12.3,102.0,148.0,0.15155973096625397,0.003368815677155306,0.6127257599075596,0.00011445914276730917,13.916666666666666,10.743055555555543,2338.280043836023,271273.83516584215,0.1532458684172225,0.0005167951581634597,24.833333333333332,2.9722222222222476,0.498043264796962,0.0014415135433712978
116,BG100,19/02/12,87.0,Soay,8309.0,2.0,0.0,,,,0.22244110586393592,0.010490174793188539,0.6209361820780279,0.00014650101884287764,10.181818181818182,6.057851239669431,1321.6701052735143,200218.66260296953,0.09663189915323998,0.0004998580613660784,34.72727272727273,9.561983471074365,0.39145933212838374,0.000532757798451966
117,BG108,19/02/12,16.0,Soay,8317.0,1.0,0.0,9.9,103.0,147.0,0.26100540595152666,0.009291773061953092,0.594311103564323,0.00016900128517460225,10.526315789473685,7.722991689750702,1373.4773013536171,307449.56032649626,0.10142207268875088,0.0003009354948050266,34.26315789473684,3.457063711911408,0.3319479952607468,0.00035754551661464003
118,BG109,9/3/2012,9.0,Soay,8318.0,1.0,0.0,11.7,112.0,161.0,0.4514222280090337,0.0072489308775181005,0.6454005152032529,5.930713546486999e-06,14.6,15.440000000000008,812.7421703296703,29127.33403642373,0.06643495648364647,8.150087308346488e-05,43.4,24.640000000000146,0.4052064749511753,0.00028276502690174345
119,BG110,24/02/12,110.0,Soay,8319.0,1.0,0.0,12.3,112.0,161.0,0.24657794733006586,0.00441048232769276,0.6114489494167386,6.79764184724586e-05,3.772727272727273,5.448347107438017,566.0146069538927,62828.264909118945,0.08511890133763947,0.00019344296817018996,34.45454545454545,2.611570247933824,0.34962029142476125,0.0001307660789195369
120,BG113,15/03/12,49.0,Soay,8322.0,2.0,0.0,,,,,,,,,,,,,,,,,
121,BG116,29/02/12,12.0,Soay,8325.0,2.0,0.0,14.2,115.0,167.0,0.2665152119421744,0.00819097455525114,0.6114262780709707,0.0002504002105727654,11.65625,7.4755859375,1315.2713857962212,359712.3651395631,0.10098955451071832,0.0006584709532547837,33.1875,18.08984375,0.3749613933418855,0.0013102384405718759
122,BG117,3/4/2012,101.0,Soay,8326.0,1.0,0.0,,,,0.1479304257204708,0.001026529249426824,0.6397763371022915,5.193120112956251e-05,12.84,7.454399999999987,1614.7085074192232,198460.78265915692,0.08753491997022358,0.0001806389156033117,29.96,0.9983999999999651,0.43226331545818986,0.0002194655871857165
123,BG121,5/3/2012,64.0,Soay,8330.0,1.0,0.0,,,,0.2687842781450575,0.0048498719016536,0.5741688074275494,0.00013822619913609704,15.333333333333334,1.555555555555543,1659.3297852474323,63909.50864640468,0.17461446047830823,0.001551475419880775,30.333333333333332,3.555555555555505,0.36924953652075804,0.0020267004601465244
124,BG127,7/3/2012,63.0,Soay,8333.0,1.0,0.0,,,,0.14640215077531513,0.002883636380350917,0.5685718907952807,0.0007339411722114461,6.25,15.6875,1234.9306277056276,484077.49927106936,0.16302574769595288,0.0006895402992660541,29.666666666666668,1.555555555555505,0.3279279157212888,0.0024007337747468105
125,BG133,15/02/12,95.0,Soay,8339.0,2.0,0.0,,,,0.3143737590208443,0.0008469752240594097,0.5769340267953423,7.642662216200691e-05,20.5,32.25,1294.1648872679043,203199.47599977278,0.11513921956978203,0.0003757892458808518,32.0,1.0,0.31952455905703525,7.07274187907031e-05
126,BG138,26/02/12,114.0,Soay,8343.0,1.0,0.0,,,,0.22770547645742156,0.005842997695442099,0.6382871712462937,5.798709999812019e-05,7.51063829787234,23.86690810321413,639.8116917882562,51662.04689878083,0.07722922222456738,0.00013307369186746058,32.4468085106383,1.4812132186509304,0.4055731252300682,0.00023883502534525534
127,BG152,8/3/2012,103.0,Soay,8356.0,1.0,0.0,,,,0.31000400305734105,0.01293301917525902,0.6255341330239147,7.773851678790263e-05,13.145833333333334,10.082899305555543,1167.3391782618612,99926.98250860053,0.08323562227505887,0.0003410187666054697,31.458333333333332,1.2065972222221717,0.3800155842800444,0.00021693693945314582
128,BG155,14/02/12,34.0,Soay,8359.0,2.0,0.0,15.1,113.0,167.0,0.5802463039627735,0.01619003984310652,0.6383347034516609,0.00013459908393809172,11.9375,15.43359375,1160.175285099586,148102.54164845124,0.07331399408571945,0.0004977376711511432,49.75,45.9375,0.40140536470731863,0.00047845969122981
129,BG156,14/03/12,20.0,Soay,8360.0,2.0,0.0,,,,0.4447257389118243,0.006130613965234463,0.628728617324705,2.8533411798013575e-05,11.285714285714286,7.346938775510206,1036.317690048047,268766.6455748639,0.07581585796606512,0.00018507356047817367,36.142857142857146,4.979591836734731,0.3738007870391615,9.799992556377582e-05
130,BG164,9/2/2012,147.0,Soay,8458.0,1.0,0.0,9.6,99.0,145.0,0.29994008705869835,0.022481409461731886,0.6168626380258514,8.133293287085816e-05,16.341463414634145,11.395597858417625,1844.6334759183849,279239.97375818144,0.11351912137042644,0.0008130649817906408,31.195121951219512,15.961927424152325,0.4056973356274825,0.0008701736395277883
131,BG168,3/3/2012,45.0,Soay,8460.0,1.0,0.0,9.2,100.0,144.0,0.31074808236109014,0.004144221390594753,0.629534307504226,3.4636118797340554e-05,13.526315789473685,12.880886426592808,1623.579249088703,175134.06568248334,0.12029034543356236,0.00014880258462241823,31.63157894736842,1.495844875346321,0.5018527008503927,0.0003210615550765838
132,BG172,14/03/12,75.0,Soay,8464.0,1.0,0.0,11.4,108.0,156.0,0.27368773841526217,0.0006661154243831763,0.5616259872518377,0.0003058388818751867,3.1875,6.02734375,542.9935897435897,51424.73019395135,0.12788202993186198,0.00043208742114928325,32.875,1.234375,0.31557081894811084,0.0007779242101231543
133,BG181,20/03/12,85.0,Soay,8474.0,2.0,0.0,15.8,115.0,170.0,0.16160997682523193,0.00022476668649238363,0.615538621977471,1.8565988740570916e-05,18.2,2.959999999999991,1108.1423896751685,70787.8912312258,0.109048497402221,5.490366307717709e-05,28.6,0.6399999999999636,0.38924158278147514,0.00010875843023507858
134,BG055,25/02/12,21.0,Soay,8493.0,1.0,0.0,9.5,101.0,148.0,0.3683945152032196,0.01673548840685431,0.6231997896445393,9.260853682542998e-05,10.583333333333334,3.826388888888895,2810.1236164298666,1035218.9418817038,0.05755422365646509,0.0001437494385739749,41.75,4.604166666666667,0.3546500856951418,0.0002325689228833324
135,,,119.0,,,,,,,,0.33808510841910316,0.008278968484933369,0.629830631307904,3.950908692871397e-05,7.857142857142857,12.693877551020412,971.4235149770866,143006.62843326142,0.07539374849155535,4.446577835907509e-05,31.19047619047619,1.48752834467121,0.38550776376777085,0.00031229470379506586
136,,,120.0,,,,,,,,0.1179572247311854,0.002223485794496144,0.6105872795452836,8.732354255778561e-05,3.9148936170212765,3.9076505205975556,721.9711752786221,139050.98829424998,0.10471992406757906,0.00026558729974874093,33.723404255319146,1.6043458578541834,0.36954664952919525,0.00044084416428214634
137,,,121.0,,,,,,,,0.5783113855644514,0.007836490646781323,0.6370319998766295,5.2992143355500366e-05,5.255813953488372,9.864791779340182,665.6070519919358,67914.25118274752,0.08008200621941716,0.00019904371478935643,32.76744186046512,0.41103299080578987,0.40791070143418817,0.00015552136169626294
138,,,122.0,,,,,,,,0.3351266889813658,0.004251078867099314,0.6289437310352193,4.691294308567281e-05,3.872340425531915,4.707107288365775,512.229347826087,42862.44515110293,0.09377302666409053,0.00020214480550597027,33.51063829787234,1.1009506564056364,0.3998185737079987,0.00013769161814439744
139,,,123.0,,,,,,,,0.2956855103442896,0.004025434964661027,0.6297510703021733,3.521297406241229e-05,5.782608695652174,7.6918714555765595,809.6419039602372,92236.01206695405,0.09530068911467518,7.019007672064209e-05,32.78260869565217,0.7353497164460904,0.4068772251129708,0.00013893519483455856
140,,,124.0,,,,,,,,0.22054613100709852,0.002757726731093417,0.6156776024699914,4.7121720548104484e-05,15.4375,10.24609375,1351.9156972163867,120834.48991465918,0.08140060747499797,6.907176963625358e-05,28.75,0.9375,0.3559246716250954,0.00022532826194796018
141,,,125.0,,,,,,,,0.22987720748048102,0.003950547577301178,0.5972181877872353,0.0001341859268271469,14.206896551724139,15.888228299643272,2462.977938218768,664133.7524955128,0.10033199728328662,0.0004638197872670517,30.517241379310345,0.7324613555291104,0.33708788292219954,0.0004592383868068105
142,,,126.0,,,,,,,,0.2876453719757675,0.0029495246133128183,0.6005516891322602,0.00010879835932195039,22.0,20.285714285714285,1480.2564425770308,102307.59539788509,0.11424383465609368,0.0005527640887746813,29.571428571428573,0.8163265306121892,0.35372088674572477,0.00010016525874878557
143,,,148.0,,,,,,,,0.25969196918372545,0.002529775576196195,0.5585114557956881,0.00039733089350265277,8.055555555555555,9.385802469135797,673.7085574148075,42206.6690420305,0.07383437750855393,0.00034011265340051235,35.666666666666664,0.8888888888888888,0.2763973842976158,0.0005018427539059184
144,,,149.0,,,,,,,,0.32869219669915645,0.001463002827930282,0.5734256094174083,0.00025712109225257685,9.425,11.144375000000002,716.5553780655617,38293.00917644035,0.06846627636785792,0.000208892323727769,33.65,0.8774999999999636,0.29096683781793997,0.00034827567809102565
